,Date,Stock,Action,Institution Name,Client Name,Exchange,Deal type,Avg Price,Quantity,Percentage Traded
0,2006-10-16,Elecon Engineering Company Ltd.,Purchase,Franklin India Group,TEMPLETON MUTUAL FUND ACC,BSE,Block,1229.15,120340,0.0011
2,2010-09-24,AK Capital Services Ltd.,Purchase,Axis Group,AXIS MUTUAL FUND AC AXIS EQUITY FUND,BSE,Block,485.0,235000,0.0356
3,2010-10-06,Consolidated Construction Consortium Ltd.,Purchase,Franklin India Group,FRANKLIN TEMPLETON MUTUAL FUND,NSE,Bulk,83.0,4000000,0.01
4,2010-10-12,Cantabil Retail India Ltd.,Purchase,Axis Group,AXIS BANK LTD.,NSE,Bulk,114.78,110000,0.0013
6,2010-10-12,Tecpro Systems Ltd.,Purchase,Franklin India Group,FRANKLIN TEMPLETON MF A/C FRANKLIN INDIA A FLEXICAP FUND,NSE,Bulk,409.92,370175,0.0
8,2010-11-01,Cantabil Retail India Ltd.,Purchase,Axis Group,AXIS BANK LTD,NSE,Bulk,70.84,90500,0.0011
10,2011-01-14,Amtek Auto Ltd.,Purchase,Axis Group,AXIS BANK LIMITED,NSE,Bulk,123.49,1200000,0.0048
12,2011-01-28,Madhucon Projects Ltd.,Purchase,Axis Group,AXIS BANK LTD,NSE,Bulk,85.51,550000,0.0075
14,2011-02-04,Zylog Systems Ltd.,Purchase,Axis Group,AXIS BANK LTD,NSE,Bulk,407.28,125000,0.0021
15,2011-08-24,Kemrock Industries and Exports Limited,Purchase,Axis Group,AXIS BANK LTD,NSE,Bulk,515.85,117650,0.0
17,2011-12-13,Asian Hotels (East) Ltd.,Purchase,Axis Group,AXIS BANK LTD,NSE,Bulk,275.0,55000,0.0032
22,2012-06-28,Balkrishna Industries Ltd.,Purchase,Franklin India Group,"TEMPLETON MUTUAL FUND A/C FRANKLIN INDIA FLEXICAP FUND, FRANKLIN TEMPLETON INVESTMENT FUNDS",NSE,Bulk,240.0,1870000,0.0097
24,2012-09-27,Gujarat Pipavav Port Ltd.,Purchase,Franklin India Group,FRANKLIN TEMPLETON INVESTMENT FUNDS,NSE,Bulk,50.25,4558260,0.009399999999999999
26,2012-12-11,TTK Healthcare Ltd.,Purchase,Axis Group,AXIS MUTUAL FUND,NSE,Bulk,540.71,54000,0.0038
29,2013-12-13,TTK Healthcare Ltd.,Purchase,Axis Group,AXIS MUTUAL FUND,NSE,Bulk,536.4,150000,0.0106
31,2014-04-10,Aries Agro Ltd.,Purchase,Franklin India Group,TEMPLETON STOCK GROWTH PRIVATE LIMITED,NSE,Bulk,61.82,84461,0.006500000000000001
32,2014-04-23,Aries Agro Ltd.,Purchase,Franklin India Group,TEMPLETON STOCK GROWTH PRIVATE LIMITED,NSE,Bulk,71.27,110013,0.0085
34,2014-05-07,Aegis Logistics Ltd.,Purchase,Franklin India Group,FRANKLIN TEMPLETON INVESTMENT,BSE,Bulk,175.0,737733,0.0021
35,2014-05-23,TV Today Network Ltd.,Purchase,Franklin India Group,FRANKLIN TEMPLETON MUTUAL FUND,NSE,Bulk,133.0,700000,0.011699999999999999
39,2014-07-07,Aarti Industries Ltd.,Purchase,Franklin India Group,FRANKLIN TEMPLETON MUTUAL FUND A/C FRANKLIN INDIA PRIMA PLUS,NSE,Bulk,231.72,444023,0.0012
40,2014-07-08,M M Forgings Ltd.,Purchase,Franklin India Group,FRANKLIN TEMPLETON MUTUAL FUND A/C INDIA OPPORTUNTIES FUND,NSE,Bulk,237.24,70677,0.0029
41,2014-08-25,KNR Constructions Ltd.,Purchase,Franklin India Group,FRANKLIN TEMPLETON INVESTMENT,BSE,Bulk,238.95,396664,0.0014000000000000002
42,2014-09-01,Astra Microwave Products Ltd.,Purchase,Axis Group,AXIS MUTUAL FUND A/C AXIS LONG TERM EQ FUND,BSE,Bulk,129.75,1540000,0.016200000000000003
44,2014-10-29,Himatsingka Seide Ltd.,Purchase,Franklin India Group,FRANKLIN TEMPLETON MUTUAL FUND,NSE,Bulk,93.75,1150000,0.011699999999999999
45,2014-11-18,Shakti Pumps (India) Ltd.,Purchase,Franklin India Group,"FRANKLIN TEMPLETON MUTUAL FUND A/C FRANKLIN INDIA PRIMA PLUS, FRANKLIN TEMPLETON MUTUAL FUND",NSE,Bulk,194.54,334816,0.0182
49,2015-03-02,Ipca Laboratories Ltd.,Purchase,Franklin India Group,FRANKLIN TEMPLETON INVESTMENT FUNDS,NSE,Bulk,662.0,1000000,0.0039000000000000003
50,2015-03-10,Motilal Oswal Financial Services Ltd.,Purchase,Franklin India Group,FRANKLIN TEMPLETON INVESTMENT FUNDS,BSE,Bulk,292.0,2000000,0.013500000000000002
51,2015-03-16,Motilal Oswal Financial Services Ltd.,Purchase,Franklin India Group,FRANKLIN TEMPLETON INVESTMENT FUNDS,BSE,Bulk,282.0,2608000,0.0176
54,2015-07-02,Aditya Birla Fashion and Retail Ltd.,Purchase,Franklin India Group,FRANKLIN TEMPLETON MF A/C FRANKLIN INDIA HIGH G CO FD,BSE,Bulk,165.0,4784239,0.005
55,2015-07-14,Ahluwalia Contracts (India) Ltd.,Purchase,Franklin India Group,FRANKLIN TEMPLETON MUTUAL FUND - FRANKLIN INDIA SMALLER COM,NSE,Bulk,220.57,417868,0.0062
58,2015-10-01,eClerx Services Ltd.,Purchase,Franklin India Group,FRANKLIN TEMPLETON MUTUAL FUND,BSE,Bulk,1575.0,250000,0.0051
59,2015-10-07,Aditya Birla Fashion and Retail Ltd.,Purchase,Franklin India Group,TEMPLETON MUTUAL FUND - FRANKLIN INDIA HIGH GROWTH COMPANIES FUND,BSE,Bulk,221.99,476422,0.0005
61,2016-02-02,Heidelberg Cement India Ltd.,Purchase,Franklin India Group,FRANKLIN INDIA SMALLER COMPANIES FUND,NSE,Bulk,71.5,2368515,0.0105
66,2016-05-16,JK Cement Ltd.,Purchase,Franklin India Group,FRANKLIN TEMPLETON INVT FUNDS,NSE,Bulk,579.0,911368,0.0118
68,2016-06-09,Vardhman Textiles Ltd.,Purchase,Franklin India Group,TEMPLETON GLOBAL INVST TRUST-TEMPLETON EMRGNG MKTS SML CP FD,NSE,Bulk,847.55,396000,0.0014000000000000002
71,2016-06-22,Max Ventures and Industries Ltd.,Purchase,Reliance Group,RELIANCE MUTUAL FUND RELIANCE SMALL CAP FUND,BSE,Bulk,47.25,1245583,0.0085
73,2016-06-30,Arman Financial Services Ltd.,Purchase,Reliance Group,RELIANCE MUTUAL FUND,BSE,Bulk,195.0,181175,0.018500000000000003
74,2016-07-11,Birla Corporation Ltd.,Purchase,Reliance Group,RELIANCE MUTUAL FUND,BSE,Bulk,542.0,1000000,0.013000000000000001
75,2016-07-22,Max India Ltd.(Old),Purchase,Reliance Group,"RELIALNCE MUTUAL FUND A/C RELIANCE PHARMA FUND, RELIANCE MUTUAL FUND A/C REL EQ OPP FUND RCT REOF, RELIALNCE MUTUAL FUND A/C RELIANCE GROWTH FUND",NSE,Bulk,127.78,5500000,0.0204
76,2016-07-22,UFO Moviez India Ltd.,Purchase,Reliance Group,"RELIANCE CAPI TRUSTEE CO. LTDA/C RELIANCE REGU.SAVING FD BAL OP., RELIANCE LIFE INSURANCE COMPANY LIMITED",BSE,Bulk,536.1,361000,0.009399999999999999
77,2016-08-01,Advanced Enzyme Technologies Ltd.,Purchase,Reliance Group,RELIANCE MUTUAL FUND-VISION FUND,NSE,Bulk,1229.43,200000,0.0018
78,2016-08-01,Astra Microwave Products Ltd.,Purchase,Reliance Group,RELIANCE MUTUAL FUND,NSE,Bulk,120.05,700000,0.0074
79,2016-08-10,Honda India Power Products Ltd.,Purchase,Reliance Group,"Reliance Capital Trustee Co Ltd A/c MF, RELIANCE MUTUAL FUND",BSE,Bulk,1215.0,328900,0.0325
80,2016-08-22,Healthcare Global Enterprises Ltd.,Purchase,Reliance Group,RELIANCE MUTUAL FUND,NSE,Bulk,210.0,2557005,0.018300000000000004
82,2016-09-01,GHCL Ltd.,Purchase,Franklin India Group,FRANKLIN TEMPLETON MUTUAL FUND,NSE,Bulk,257.4,1174893,0.0123
83,2016-09-01,Voltamp Transformers Ltd.,Purchase,Reliance Group,RELIANCE MUTUAL FUND,BSE,Bulk,775.0,659200,0.0652
84,2016-09-02,Triveni Turbine Ltd.,Purchase,Franklin India Group,FRANKLIN TEMPLETON MUTUALFUND FRANKLIN INDIASMALLERCOMPANIES FUND,BSE,Bulk,125.0,2096339,0.0066
85,2016-09-15,NAVA Ltd.,Purchase,Reliance Group,RELIANCE MUTUAL FUND (SCHEME RELIANCE CAPITAL TRUSTEE CO.,NSE,Bulk,112.0,3970551,0.0274
87,2016-10-18,ICRA Ltd.,Purchase,Franklin India Group,FRANKLIN TEMPLETON INVESTMENT FUNDS,NSE,Bulk,4100.0,104729,0.0109
88,2016-10-21,NCC Ltd.,Purchase,Reliance Group,RELIANCE BANKING FUND,NSE,Bulk,86.0,13500000,0.0215
89,2016-12-12,Indian Terrain Fashions Ltd.,Purchase,Reliance Group,RELIANCE MUTUAL FUND,NSE,Bulk,145.0,899000,0.0203
90,2016-12-23,Deepak Nitrite Ltd.,Purchase,Reliance Group,RELIANCE MUTUAL FUND - RELIANCE SMALL CAP FUND,NSE,Bulk,85.06,3573572,0.0262
91,2016-12-27,ICRA Ltd.,Purchase,Franklin India Group,FRANKLIN TEMPLETON INVESTMENT FUNDS,NSE,Bulk,3875.0,157700,0.0163
93,2017-01-06,Geometric Limited,Purchase,Reliance Group,RELIANCE MUTUAL FUND A/C. RELIANCE ARBITRAGE ADVANTAGE FUND,NSE,Bulk,250.91,355180,0.0
94,2017-01-09,TTK Prestige Ltd.,Purchase,Axis Group,AXIS LONG TERM EQUITY FUND,BSE,Bulk,5700.0,535036,0.0039000000000000003
96,2017-01-10,PI Industries Ltd.,Purchase,Axis Group,AXIS MUTUAL FUND,NSE,Bulk,820.0,4099141,0.027000000000000003
98,2017-01-11,GRUH Finance Ltd.,Purchase,Axis Group,AXIS MUTUAL FUND,NSE,Bulk,340.1,7751861,0.0106
100,2017-01-13,Multi Commodity Exchange of India Ltd.,Purchase,Axis Group,AXIS LONG TERM EQUITY FUND,BSE,Bulk,1190.0,1767336,0.0347
102,2017-01-18,Quess Corp Ltd.,Purchase,Axis Group,AXIS MF LONG TERM EQUITY FUND,NSE,Bulk,675.0,1519956,0.0102
104,2017-01-18,Symphony Ltd.,Purchase,Axis Group,AXIS LONG TERM EQUITY FUND,BSE,Bulk,1183.0,1926196,0.0279
106,2017-01-18,TTK Healthcare Ltd.,Purchase,Axis Group,AXIS MF LONG TERM EQUITY FUND,NSE,Bulk,885.0,324803,0.023
108,2017-01-18,ZF Commercial Vehicle Control Systems India Ltd.,Purchase,Axis Group,AXIS MF LONG TERM EQUITY FUND,NSE,Bulk,5165.71,337562,0.0178
110,2017-01-19,Torrent Power Ltd.,Purchase,Axis Group,AXIS MF LONG TERM EQUITY FUND,NSE,Bulk,197.65,11171684,0.0232
112,2017-01-20,PI Industries Ltd.,Purchase,Axis Group,AXIS MF LONG TERM EQUITY FUND,NSE,Bulk,843.0,4099141,0.027000000000000003
114,2017-01-23,Bajaj Finance Ltd.,Purchase,Axis Group,AXIS MUTUAL FUND,BSE,Bulk,929.25,3925000,0.0064
116,2017-01-23,GRUH Finance Ltd.,Purchase,Axis Group,AXIS MUTUAL FUND,BSE,Bulk,330.85,6500000,0.0089
118,2017-01-24,Pidilite Industries Ltd.,Purchase,Axis Group,AXIS MUTUAL FUND,BSE,Bulk,635.0,6194655,0.012199999999999999
120,2017-01-25,JK Cement Ltd.,Purchase,Reliance Group,RELIANCE MUTUAL FUND - RELIANCE SMALL CAP FUND,BSE,Bulk,705.45,586000,0.0076
122,2017-02-02,Narayana Hrudayalaya Ltd.,Purchase,Franklin India Group,FRANKLIN TEMPLETON INVESTMENT FUNDS,BSE,Bulk,325.0,1840000,0.009000000000000001
123,2017-02-07,Prabhat Dairy Ltd.,Purchase,Reliance Group,RELIANCE CAPITAL LTD,NSE,Bulk,132.04,56000,0.0006
127,2017-02-15,Healthcare Global Enterprises Ltd.,Purchase,Franklin India Group,FRANKLIN TEMPLETON MF,NSE,Bulk,244.0,1800000,0.0129
128,2017-02-17,Karur Vysya Bank Ltd.,Purchase,Reliance Group,"RELIANCE GROWTH FUND, RELIANCE SMALL CAP FUND",BSE,Bulk,91.5,11300000,0.014100000000000001
129,2017-03-03,Geometric Limited,Purchase,Reliance Group,RELIANCE MUTUAL FUND,BSE,Bulk,259.35,752500,0.0
130,2017-03-08,Geometric Limited,Purchase,Reliance Group,RELIANCE MUTUAL FUND,BSE,Bulk,261.5,650160,0.0
131,2017-03-16,Capital First Ltd.,Purchase,Reliance Group,RELIANCE MUTUAL FUND,BSE,Block,688.55,150000,0.0015
132,2017-03-17,Apar Industries Ltd.,Purchase,Reliance Group,RELIANCE MUTUAL FUND - RELIANCE SMALL CAP FUND,NSE,Bulk,705.0,600000,0.0149
134,2017-03-20,Reliance Power Ltd.,Purchase,Reliance Group,RELIANCE WIND TURBINE INSTALLATORS INDUSTRIES PRIVATE LIMITED,BSE,Block,47.7,120000000,0.031400000000000004
136,2017-03-21,Reliance Power Ltd.,Purchase,Reliance Group,RELIANCE WIND TURBINE INSTALLATORS INDUSTRIES PRIVATE LIMITED,BSE,Bulk,48.1,120000000,0.031400000000000004
138,2017-03-22,Reliance Power Ltd.,Purchase,Reliance Group,RELIANCE WIND TURBINE INSTALLATORS INDUSTRIES PRIVATE LIMITED,BSE,Bulk,47.25,120000000,0.031400000000000004
140,2017-03-23,Reliance Power Ltd.,Purchase,Reliance Group,RELIANCE WIND TURBINE INSTALLATORS INDUSTRIES PRIVATE LIMITED,BSE,Bulk,47.25,120000000,0.031400000000000004
142,2017-03-24,Reliance Power Ltd.,Purchase,Reliance Group,RELIANCE WIND TURBINE INSTALLATORS INDUSTRIES PRIVATE LIMITED,BSE,Bulk,47.9,120000000,0.031400000000000004
144,2017-03-27,Reliance Power Ltd.,Purchase,Reliance Group,RELIANCE WIND TURBINE INSTALLATORS INDUSTRIES PRIVATE LIMITED,BSE,Block,48.0,95105324,0.025
146,2017-03-29,Aurionpro Solutions Ltd.,Purchase,Reliance Group,RELIANCE SPOT EXCHANGE INFRASTRUCTURE LTD,NSE,Bulk,120.0,858000,0.0346
148,2017-03-29,Emco Ltd.,Purchase,Reliance Group,RELIANCE SPOT EXCHANGE INFRASTRUCTURE LTD,NSE,Bulk,27.3,1943000,0.0286
150,2017-03-29,Kinetic Engineering Ltd.,Purchase,Reliance Group,RELIANCE SPOT EXCHANGE INFRASTRUCTURE LTD,BSE,Bulk,73.25,715000,0.0323
152,2017-03-29,Man Infraconstruction Ltd.,Purchase,Reliance Group,RELIANCE SPOT EXCHANGE INFRASTRUCTURE LTD,NSE,Bulk,42.5,2800000,0.0075
154,2017-03-29,Mangalore Chemicals & Fertilizers Ltd.,Purchase,Reliance Group,RELIANCE SPOT EXCHANGE INFRASTRUCTURE LTD,NSE,Bulk,57.87,5885000,0.049699999999999994
156,2017-03-29,Saregama India Ltd.,Purchase,Reliance Group,RELIANCE SPOT EXCHANGE INFRASTRUCTURE LTD,NSE,Bulk,242.74,1188000,0.0062
158,2017-03-29,Ventura Textiles Ltd.,Purchase,Reliance Group,RELIANCE SPOT EXCHANGE INFRASTRUCTURE LTD,BSE,Bulk,5.25,321875,0.0165
160,2017-03-30,Prime Focus Ltd.,Purchase,Reliance Group,RELIANCE MEDIAWORKS FINANCIAL SERVICES PRIVATE LIMITED,NSE,Block,84.5,209878722,0.7
162,2017-04-07,Kajaria Ceramics Ltd.,Purchase,Franklin India Group,FRANKLIN TEMPLETON INVESTMENT FUND,NSE,Bulk,600.0,2240000,0.0141
163,2017-04-10,Somany Ceramics Ltd.,Purchase,Franklin India Group,FRANKLIN TEMPLETON MUTUAL FUND,NSE,Bulk,680.0,1425000,0.0348
164,2017-04-17,Tarmat Ltd.,Purchase,Franklin India Group,TEMPLETON STOCKGROWTH PRIVATE LIMITED,NSE,Bulk,61.08,71937,0.0034000000000000002
166,2017-04-18,Somany Ceramics Ltd.,Purchase,Franklin India Group,FRANKLIN TEMPLETON MUTUAL FUND,BSE,Bulk,675.0,328193,0.008
167,2017-04-21,Dalmia Bharat Ltd.(Old),Purchase,Franklin India Group,"FRANKLIN TEMPLETON MUTUAL FUND, FRANKLIN TEMPLETON INVESTMENT FUNDS",BSE,Block,2050.0,1615447,0.0
168,2017-04-25,Indian Terrain Fashions Ltd.,Purchase,Reliance Group,"RELIANCE MUTUAL FUND A/C RELIANCE EQUITY SAVINGS FUND, RELIANCE MUTUAL FUND A/C. SMALL CAP FUND",NSE,Bulk,199.78,600000,0.013500000000000002
171,2017-05-08,Shankara Building Products Ltd.,Purchase,Franklin India Group,TEMPLETON MUTUAL FUND A/C FRANKLIN IND SMALLER CO FUND,NSE,Bulk,695.0,725000,0.029900000000000003
174,2017-06-07,Cyient Ltd.,Purchase,Franklin India Group,"FRANKLIN INDIA SMALLER COMPANIES FUND, FRANKLIN TEMPLETON MUTUAL FUND A/C FRANKLIN INDIA PRIMA FUND",NSE,Bulk,496.0,1519640,0.0138
175,2017-06-08,Pennar Industries Ltd.,Purchase,Franklin India Group,FRANKLIN TEMP INVT FRANKLIN INDIA SMALLER COMPANIES FUND,NSE,Bulk,52.25,2494400,0.018500000000000003
176,2017-06-13,Lux Industries Ltd.,Purchase,Reliance Group,RELIANCE MUTUAL FUND,BSE,Bulk,900.4,444103,0.0148
178,2017-06-21,IRB InvIT Fund,Purchase,Reliance Group,RELIANCE MUTUAL FUND,BSE,Bulk,100.49,9800000,0.0168
179,2017-06-23,IRB InvIT Fund,Purchase,Reliance Group,RELIANCE MUTUAL FUND,BSE,Block,99.0,25000000,0.043000000000000003
182,2017-07-06,Nesco Ltd.,Purchase,Franklin India Group,FRANKLIN TEMPLETON MUTUAL FUND,BSE,Bulk,2385.0,100000,0.0014000000000000002
183,2017-07-06,Redington Ltd.,Purchase,Reliance Group,RELIANCE MUTUAL FUND,BSE,Bulk,125.0,14000000,0.018000000000000002
185,2017-07-13,Veto Switchgears & Cables Ltd.,Purchase,Reliance Group,RELIANCE WEALTH MANAGEMENT LIMITED,NSE,Bulk,215.21,260000,0.013600000000000001
186,2017-07-20,Honda India Power Products Ltd.,Purchase,Reliance Group,RELIANCE MUTUAL FUND,NSE,Bulk,1350.01,89800,0.0089
187,2017-08-18,Sobha Ltd.,Purchase,Franklin India Group,FRANKLIN INDIA HIGH GROWTH COMPANY FUND,NSE,Bulk,385.0,1578451,0.0166
188,2017-08-28,Thyrocare Technologies Ltd.,Purchase,Reliance Group,"RELIANCE MUTUAL FUND RELIANCE TAX SAVER ELSS FUND, RELIANCE MUTUAL FUND RELIANCE PHARMA FUND",BSE,Bulk,670.0,1130000,0.0213
189,2017-08-31,VRL Logistics Ltd.,Purchase,Reliance Group,RELIANCE MUTUAL FUND,NSE,Bulk,339.99,2000000,0.0229
191,2017-09-25,JK Lakshmi Cement Ltd.,Purchase,Franklin India Group,TEMPLETON MUTUAL FUND,BSE,Bulk,387.5,1093907,0.009300000000000001
194,2017-10-13,Cyient Ltd.,Purchase,Reliance Group,"RELIANCE MUTUAL FUND A/C RELIANCE SMALL CAP FUND, RELIANCE MUTUAL FUND A/C RELIANCE GROWTH FUND",BSE,Bulk,520.0,2334000,0.021
196,2017-10-31,Cyient Ltd.,Purchase,Reliance Group,"RELIANCE CAPITAL ASSET MGMT LTD A/C A/C RELIANCE GROWTH FD, RELIANCE CAPITAL ASSET MGMT LTD A/C RELIANCE EQ OPPORTUNI FD",NSE,Bulk,525.39,2700000,0.024399999999999998
197,2017-11-01,Crompton Greaves Consumer Electricals Ltd.,Purchase,Franklin India Group,FRANKLIN TEMPLETON INVESTMENT FUNDS,NSE,Bulk,217.5,4636184,0.0072
198,2017-11-01,Tarmat Ltd.,Purchase,Franklin India Group,TEMPLETON STOCKGROWTH PRIVATE LIMITED,NSE,Bulk,55.1,414,0.0
200,2017-11-24,Vardhman Textiles Ltd.,Purchase,Franklin India Group,FRANKLIN TEMPLETON MUTUAL FUND,NSE,Bulk,1300.0,715000,0.0025
201,2017-11-27,Rallis India Ltd.,Purchase,Franklin India Group,FRANKLIN TEMPLETON MUTUAL FUND,BSE,Bulk,230.0,1781405,0.0092
202,2017-11-30,Zydus Wellness Ltd.,Purchase,Reliance Group,Reliance Capital Trustee Co Ltd A/c MF,BSE,Bulk,909.99,500000,0.0079
203,2017-12-15,Greenply Industries Ltd.,Purchase,Reliance Group,RELIANCE MUTUAL FUND,BSE,Bulk,335.0,990000,0.008
205,2017-12-22,Pidilite Industries Ltd.,Purchase,Axis Group,AXIS MUTUAL FUND,BSE,Bulk,928.0,5500000,0.0108
209,2018-01-22,Indoco Remedies Ltd.,Purchase,Reliance Group,RELIANCE CAPITAL TRUSTEE CO LIMITED A/C RELIANCE GROWTH FUND,BSE,Bulk,275.0,1211050,0.0131
211,2018-01-23,Varun Beverages Ltd.,Purchase,Reliance Group,"RELIANCE MUTUAL FUND- GROWTH FUND, RELIANCE MUTUAL FUND- TOP 200 FUND",NSE,Bulk,700.0,2150149,0.0017000000000000001
213,2018-03-26,Carborundum Universal Ltd.,Purchase,Reliance Group,RELIANCE CAPITAL TRUSTEE CO. LTD-A/C RELIANCE SMALL CAP FUND,BSE,Bulk,337.0,2020000,0.0106
216,2018-04-06,Poonawalla Fincorp Ltd.,Purchase,Reliance Group,"RELIANCE MUTUAL FUND A/C RELIANCE GROWTH FUND, RELIANCE MUTUAL FUND A/C RELIANCE SMALL CAP FUND",BSE,Bulk,154.0,4239480,0.0056
217,2018-04-16,TeamLease Services Ltd.,Purchase,Franklin India Group,TEMPLETON MUTUAL FUND A/C FRANKLIN INDIA SMALLER COMPANIES FUND,NSE,Bulk,2150.0,300000,0.0179
218,2018-05-30,Jubilant Foodworks Ltd.,Purchase,Axis Group,AXIS MUTUAL FUND,BSE,Bulk,2542.77,359250,0.0005
221,2018-08-10,Au Small Finance Bank Ltd.,Purchase,Reliance Group,RELIANCE MUTUAL FUND,BSE,Block,638.0,847994,0.0013
222,2018-08-20,TeamLease Services Ltd.,Purchase,Franklin India Group,FRANKLIN TEMPLETON INVESTMENT FUNDS,NSE,Bulk,2645.0,482400,0.0288
223,2018-08-27,Phoenix Mills Ltd.,Purchase,Reliance Group,RELIANCE MUTUAL FUND,BSE,Bulk,600.0,825000,0.0046
224,2018-09-27,Dixon Technologies (India) Ltd.,Purchase,Reliance Group,RELIANCE MUTUAL FUND - RELIANCE MID & SMALL CAP FUND,BSE,Bulk,2550.01,178426,0.003
226,2018-10-04,Navkar Corporation Ltd.,Purchase,Reliance Group,RELIANCE MUTUAL FUND A/C RELIANCE SMALL CAP FUND,NSE,Bulk,78.0,3500000,0.0233
228,2018-10-26,Ujjivan Financial Services Ltd.,Purchase,Franklin India Group,"FRANKLIN TEMPLETON MUTUAL FUND A/C FRANKLIN INDIA FOCUSED EQUITY FUND, FRANKLIN TEMPLETON MUTUAL FUND A/C FRANKLIN INDIA HIGH GROWTH COMPANIES FUND 11624",NSE,Bulk,179.02,2317758,0.019
229,2018-10-29,Ujjivan Financial Services Ltd.,Purchase,Franklin India Group,FRANKLIN TEMPLETON MUTUAL FUND A/C FRANKLIN INDIA HIGH GROWTH COMPANIES FUND 11624,NSE,Bulk,184.44,1052508,0.0086
231,2018-11-14,NRB Bearings Ltd.,Purchase,HDFC Group,"HDFC MUTUAL FUND, HDFC MUTUAL FUND A/C HDFC SMALL CAP FUND",BSE,Bulk,184.98,2495000,0.0257
232,2018-11-29,Mahindra Logistics Ltd.,Purchase,Reliance Group,RELIANCE MUTUAL FUND,BSE,Block,525.0,2030094,0.027999999999999997
234,2018-12-28,Sanghi Industries Ltd.,Purchase,Franklin India Group,FRANKLIN TEMPLETON MUTUAL FUND,NSE,Bulk,59.51,5182370,0.020099999999999996
237,2019-03-08,Thermax Ltd.,Purchase,Reliance Group,RELIANCE MUTUAL FUND,BSE,Bulk,940.0,1000000,0.0084
239,2019-03-14,ICRA Ltd.,Purchase,Reliance Group,RELIANCE MUTUAL FUND,NSE,Bulk,2877.0,230000,0.023799999999999998
241,2019-03-15,SRF Ltd.,Purchase,Kotak Group,"KOTAK MAHINDRA MUTUAL FUND, KOTAK MUTUAL FUND",BSE,Bulk,2400.0,722000,0.0024
242,2019-04-01,Pokarna Ltd.,Purchase,Reliance Group,RELIANCE MUTUAL FUND,BSE,Bulk,180.0,1190882,0.038400000000000004
244,2019-05-03,ITD Cementation India Ltd.,Purchase,Franklin India Group,"FRANKLYN TEMPLETON MUTUAL FUND A/C FRANKLIN INDIA FOCUSED E, FRANKLYN TEMPLETON MUTUAL FUND A/C FRANKLIN INDIA FOCUSED EQUITY FUND",NSE,Bulk,122.0,2500000,0.0146
247,2019-05-30,Ramco Systems Ltd.,Purchase,Reliance Group,RELIANCE MUTUAL FUND A/C RELIANCE RETIREMENT FUND - WEALTH CREATION SCHEME,BSE,Bulk,208.25,600000,0.0169
248,2019-06-04,Mahindra Logistics Ltd.,Purchase,Kotak Group,KOTAK FUNDS - INDIA MIDCAP FUND,BSE,Bulk,490.0,3015277,0.04190000000000001
249,2019-06-04,Mahindra Logistics Ltd.,Purchase,Reliance Group,RELIANCE CAPITAL TRUSTEE CO. LTD-A/C RELIANCE SMALL CAP FUND,BSE,Bulk,490.0,425000,0.0059
250,2019-06-17,Shriram Finance Ltd.,Purchase,HDFC Group,"HDFC MUTUAL FUND A/C - HDFC BALANCED ADVANTAGE FUND, HDFC MUTUAL FUND A/C HDFC TOP 100 FUND, HDFC TRUSTEE CO. LTD. - HDFC EQUITY FUND",NSE,Bulk,1000.0,6258968,0.0166
251,2019-06-21,Sobha Ltd.,Purchase,Franklin India Group,FRANKLIN TEMPLETON MUTUAL FUND,BSE,Bulk,505.0,1000000,0.0105
252,2019-06-26,Aster DM Healthcare Ltd.,Purchase,HDFC Group,HDFC MUTUAL FUND A/C HDFC SMALL CAP FUND,NSE,Bulk,120.0,8300000,0.0166
254,2019-07-26,Tejas Networks Ltd.,Purchase,HDFC Group,HDFC MUTUAL FUND - HDFC GROWTH FUND,NSE,Bulk,84.0,3000000,0.0176
255,2019-08-08,Affle (India) Ltd.,Purchase,Reliance Group,RELIANCE MUTUAL FUND,NSE,Bulk,918.19,950000,0.0068000000000000005
257,2019-08-20,Mahanagar Gas Ltd.,Purchase,HDFC Group,HDFC MUTUAL FUND,NSE,Bulk,780.0,1263000,0.012799999999999999
258,2019-08-20,Mahanagar Gas Ltd.,Purchase,Reliance Group,RELIANCE MUTUAL FUND,NSE,Block,780.0,685000,0.0069
259,2019-08-22,Alkem Laboratories Ltd.,Purchase,Kotak Group,KOTAK MAHINDRA MUTUAL FUND,NSE,Block,1708.45,100000,0.0008
260,2019-08-22,Alkem Laboratories Ltd.,Purchase,Reliance Group,RELIANCE MUTUAL FUND,NSE,Block,1708.45,150000,0.0013
262,2019-08-29,Lemon Tree Hotels Ltd.,Purchase,Franklin India Group,FRANKLIN TEMPLETON MUTUAL FUND A/C FRANKLIN TEMPLETON INVESTMENT FRANKLIN INDIA SMALLER COMPANIES FU,NSE,Bulk,55.0,15709090,0.019799999999999998
263,2019-08-30,GRUH Finance Ltd.,Purchase,Axis Group,AXIS MUTUAL FUND,NSE,Block,247.15,3600000,0.0049
264,2019-08-30,GRUH Finance Ltd.,Purchase,Kotak Group,KOTAK MUTUAL FUND,NSE,Block,247.15,410000,0.0006
265,2019-09-03,Multi Commodity Exchange of India Ltd.,Purchase,HDFC Group,HDFC MUTUAL FUND A/C HDFC ARBITRAGE FUND,NSE,Bulk,882.72,359800,0.0070999999999999995
266,2019-09-20,Astral Ltd.,Purchase,HDFC Group,HDFC MUTUAL FUND AC HDFC SMALL AND MID CAP FUND,BSE,Bulk,960.0,638708,0.0024
267,2019-09-20,Indian Energy Exchange Ltd.,Purchase,Kotak Group,KOTAK MAHINDRA ASSET MANAGEMENT COMPANY LIMITED,NSE,Bulk,120.5,5958399,0.0067
268,2019-09-24,Lemon Tree Hotels Ltd.,Purchase,Reliance Group,RELIANCE MUTUAL FUND A/C RELIANCE CAPITAL TR CO LTD AC RELIANCE SMALL CAP FUND,NSE,Bulk,57.5,16930000,0.021400000000000002
271,2019-10-14,Indian Railway Catering & Tourism Corporation Ltd.,Purchase,Reliance Group,RELIANCE MUTUAL FUND,NSE,Bulk,626.0,1500000,0.0019
272,2019-10-15,Bajaj Consumer Care Ltd.,Purchase,HDFC Group,HDFC MUTUAL FUND,BSE,Bulk,195.0,7750000,0.054400000000000004
274,2019-10-18,HDFC Asset Management Company Ltd.,Purchase,Kotak Group,KOTAK MAHINDRA LIFE INSURANCE COMPANY LIMITED,BSE,Block,2690.0,50000,0.0002
275,2019-10-25,Kirloskar Ferrous Industries Ltd.,Purchase,HDFC Group,HDFC MUTUAL FUND,BSE,Bulk,60.22,1000000,0.0072
276,2019-11-01,Jyothy Labs Ltd.,Purchase,Reliance Group,RELIANCE MUTUAL FUND,NSE,Block,173.4,13840000,0.037599999999999995
277,2019-11-07,J Kumar Infraprojects Ltd.,Purchase,HDFC Group,HDFC MUTUAL FUND,NSE,Bulk,150.5,1035000,0.0137
281,2019-11-21,Zee Entertainment Enterprises Ltd.,Purchase,Axis Group,AXIS MUTUAL FUND,NSE,Block,304.0,1200000,0.0012
282,2019-11-21,Zee Entertainment Enterprises Ltd.,Purchase,Reliance Group,"RELIANCE NIPPON LIFE INSURANCE COMPANY LIMITED, RELIANCE MUTUAL FUND",NSE,Block,304.0,2630000,0.0026999999999999997
285,2019-12-03,Crompton Greaves Consumer Electricals Ltd.,Purchase,HDFC Group,HDFC STANDARD LIFE INSURANCE CO LTD,BSE,Block,249.2,1000000,0.0016
288,2020-01-09,Jindal Stainless Ltd.,Purchase,Kotak Group,KOTAK SPECIAL SITUATIONS FUND,NSE,Bulk,38.65,46480671,0.0565
290,2020-01-09,Sadbhav Infrastructure Project Ltd.,Purchase,Reliance Group,RELIANCE MUTUAL FUND A/C NIPPON INDIA EQUITY HYBRID FUND,BSE,Bulk,37.5,10000000,0.028399999999999998
293,2020-01-15,Info Edge (India) Ltd.,Purchase,Axis Group,AXIS MUTUAL FUND,BSE,Bulk,2532.35,2350000,0.0182
295,2020-01-16,Astral Ltd.,Purchase,Axis Group,AXIS LONG TERM EQUITY FUND,BSE,Bulk,1129.0,2800000,0.0104
298,2020-01-22,Speciality Restaurants Ltd.,Purchase,Kotak Group,GUNAVANTI PRATAPBHAI KOTAK,NSE,Bulk,67.06,450000,0.009399999999999999
299,2020-01-27,La Opala RG Ltd.,Purchase,HDFC Group,HDFC MUTUAL FUND A/C MONTHLY INCOME PLAN LONG TERM PLAN,NSE,Bulk,189.92,4447000,0.0401
300,2020-01-28,La Opala RG Ltd.,Purchase,HDFC Group,HDFC MUTUAL FUND,BSE,Bulk,190.0,700000,0.0063
301,2020-01-28,Narayana Hrudayalaya Ltd.,Purchase,SBI Group,SBI MUTUAL FUND,BSE,Bulk,340.0,6541745,0.032
303,2020-02-14,Sudarshan Chemical Industries Ltd.,Purchase,Axis Group,AXIS MUTUAL FUND,BSE,Bulk,455.0,2750000,0.039599999999999996
307,2020-03-03,Elgi Equipments Ltd.,Purchase,SBI Group,SBI MUTUAL FUND,NSE,Bulk,198.0,4664801,0.0147
309,2020-03-13,Varroc Engineering Ltd.,Purchase,Reliance Group,RELIANCE MUTUAL FUND,BSE,Bulk,232.0,1291000,0.0084
310,2020-03-18,Shree Cements Ltd.,Purchase,SBI Group,SBI MUTUAL FUND A/C - SBI ETF NIFTY,NSE,Bulk,19325.67,188489,0.0052
314,2020-03-27,Suprajit Engineering Ltd.,Purchase,HDFC Group,HDFC MUTUAL FUND (HDFC SMALL AND MID CAP FUND),NSE,Bulk,122.0,3000000,0.0217
315,2020-03-31,Suprajit Engineering Ltd.,Purchase,HDFC Group,HDFC MUTUAL FUND (HDFC SMALL AND MID CAP FUND),NSE,Bulk,113.5,3000000,0.0217
316,2020-04-15,Elgi Equipments Ltd.,Purchase,SBI Group,SBI MUTUAL FUND,NSE,Bulk,134.5,3300000,0.0104
318,2020-04-17,Star Cement Ltd.,Purchase,SBI Group,SBI MUTUAL FUND,NSE,Bulk,72.9,10944505,0.0271
320,2020-04-21,Rajratan Global Wire Ltd.,Purchase,SBI Group,SBI MUTUAL FUND,BSE,Bulk,220.0,130000,0.0026
322,2020-05-28,Reliance Industries Limited-Rights Entitlement,Purchase,Reliance Group,RELIANCE INDUSTRIES HOLDING PRIVATE LIMITED,BSE,Block,199.2,27521654,0.0
325,2020-06-02,Kotak Mahindra Bank Ltd.,Purchase,Axis Group,AXIS MUTUAL FUND AC AXIS EQUITY FUND,BSE,Block,1240.0,1647037,0.0008
326,2020-06-02,Kotak Mahindra Bank Ltd.,Purchase,HDFC Group,HDFC STANDARD LIFE INSURANCE CO LTD,BSE,Block,1240.0,305041,0.0002
327,2020-06-02,Kotak Mahindra Bank Ltd.,Purchase,SBI Group,SBI MUTUAL FUND,BSE,Block,1240.0,3294023,0.0017000000000000001
329,2020-06-03,S H Kelkar & Company Ltd.,Purchase,Kotak Group,KOTAK MAHINDRA (INTERNATIONAL) LIMITED,NSE,Bulk,62.0,3152863,0.022799999999999997
331,2020-06-04,HDFC Life Insurance Company Ltd.,Purchase,Axis Group,AXIS MUTUAL FUND,BSE,Block,496.4,202000,0.0001
332,2020-06-04,HDFC Life Insurance Company Ltd.,Purchase,Reliance Group,RELIANCE MUTUAL FUND,BSE,Block,496.4,202000,0.0001
334,2020-06-12,Goodyear India Ltd.,Purchase,SBI Group,SBI MUTUAL FUND,BSE,Bulk,711.0,674367,0.0292
336,2020-06-15,Newgen Software Technologies Ltd.,Purchase,HDFC Group,HDFC MUTUAL FUND,NSE,Bulk,146.45,1473269,0.0105
338,2020-06-17,Chalet Hotels Ltd.,Purchase,SBI Group,SBI MUTUAL FUND,NSE,Bulk,131.4,4195206,0.0204
340,2020-06-17,Great Eastern Shipping Company Ltd.,Purchase,SBI Group,SBI MUTUAL FUND,NSE,Bulk,213.0,5537097,0.0388
342,2020-06-17,Supreme Industries Ltd.,Purchase,Axis Group,AXIS MUTUAL FUND,BSE,Block,1080.0,2450000,0.0192
343,2020-06-17,Supreme Industries Ltd.,Purchase,SBI Group,SBI MUTUAL FUND,BSE,Block,1082.5,148388,0.0012
344,2020-06-17,eClerx Services Ltd.,Purchase,SBI Group,SBI MUTUAL FUND,NSE,Bulk,425.9,1681677,0.034300000000000004
346,2020-06-19,Equitas Holdings Ltd.,Purchase,Kotak Group,KOTAK SECURITIES LTD,NSE,Bulk,52.08,2777867,0.008100000000000001
349,2020-06-19,Orient Cement Ltd.,Purchase,HDFC Group,HDFC TRUSTEE COMPANY LIMITED - HDFC BALANCED ADVANTAGE FUND,NSE,Bulk,72.93,2700000,0.0132
351,2020-06-19,Texmaco Rail & Engineering Ltd.,Purchase,HDFC Group,HDFC TRUSTEE COMPANY LIMITED - HDFC BALANCED ADVANTAGE FUND,NSE,Bulk,25.95,3100000,0.008100000000000001
354,2020-06-24,Sunteck Realty Ltd.,Purchase,Kotak Group,KOTAK MAHINDRA (INTERNATIONAL) LIMITED,NSE,Bulk,180.0,1680000,0.0115
355,2020-06-29,Wheels India Ltd.,Purchase,HDFC Group,HDFC MUTUAL FUND,BSE,Block,427.6,1983022,0.0812
356,2020-06-30,Lemon Tree Hotels Ltd.,Purchase,SBI Group,SBI MUTUAL FUND,NSE,Bulk,22.8,40000000,0.050499999999999996
358,2020-07-01,The Anup Engineering Ltd.,Purchase,HDFC Group,HDFC MUTUAL FUND A/C HDFC RETIREMENT SAVINGS FUND-EQUITY PLAN,NSE,Bulk,380.1,83513,0.0084
360,2020-07-03,Metropolis Healthcare Ltd.,Purchase,ICICI Group,ICICI PRUDENTIAL MUTUAL FUND,BSE,Block,1341.0,243527,0.0047
361,2020-07-03,Metropolis Healthcare Ltd.,Purchase,SBI Group,SBI LIFE INSURANCE COMPANY LTD,BSE,Block,1341.0,78526,0.0015
364,2020-07-21,Carborundum Universal Ltd.,Purchase,Kotak Group,KOTAK FUNDS - INDIA MIDCAP FUND,BSE,Bulk,235.0,1162548,0.0060999999999999995
365,2020-07-30,Au Small Finance Bank Ltd.,Purchase,Reliance Group,RELIANCE MUTUAL FUND,BSE,Block,746.4,400000,0.0006
367,2020-08-11,Inox Leisure Ltd.,Purchase,HDFC Group,HDFC MUTUAL FUND,BSE,Bulk,233.0,7721000,0.0632
370,2020-08-12,Spicejet Ltd.,Purchase,HDFC Group,HDFC MUTUAL FUND,NSE,Bulk,49.15,4325000,0.0063
372,2020-08-19,Control Print Ltd.,Purchase,SBI Group,SBI MUTUAL FUND,NSE,Bulk,215.75,983959,0.061500000000000006
374,2020-08-20,V-Guard Industries Ltd.,Purchase,SBI Group,SBI MUTUAL FUND,NSE,Block,160.25,18993438,0.0438
376,2020-08-21,Sudarshan Chemical Industries Ltd.,Purchase,ICICI Group,ICICI PRUDENTIAL MUTUAL FUND,BSE,Bulk,430.05,1900000,0.0274
377,2020-08-25,Matrimony.com Ltd.,Purchase,ICICI Group,ICICI PRUDENTIAL MUTUAL FUND,BSE,Bulk,520.0,523846,0.0236
378,2020-08-25,TCI Express Ltd.,Purchase,HDFC Group,HDFC MUTUAL FUND A/C TAX SAVER FUND,NSE,Bulk,795.0,217203,0.005699999999999999
379,2020-08-25,Techno Electric & Engineering Company Ltd.,Purchase,SBI Group,SBI MUTUAL FUND,NSE,Bulk,202.0,5379678,0.05
381,2020-08-26,Ramco Systems Ltd.,Purchase,HDFC Group,HDFC MUTUAL FUND,NSE,Bulk,240.0,157337,0.0044
384,2020-09-09,Transport Corporation of India Ltd.,Purchase,HDFC Group,HDFC MUTUAL FUND,NSE,Bulk,215.0,864000,0.0111
385,2020-09-11,Max Healthcare Institute Ltd.,Purchase,Kotak Group,KOTAK FUNDS - INDIA MIDCAP FUND,BSE,Block,110.7,3635320,0.0037
386,2020-09-18,EPL Ltd.,Purchase,Axis Group,AXIS MUTUAL FUND,BSE,Bulk,256.3,10013679,0.0315
387,2020-09-18,EPL Ltd.,Purchase,Franklin India Group,"FTIF - TEMPLETON ASIAN SMALLER COMPANIES FUND, FRANKLIN TEMPLETON MUTUAL FUND",BSE,Bulk,256.3,5075745,0.015899999999999997
389,2020-10-14,Transport Corporation of India Ltd.,Purchase,HDFC Group,HDFC MUTUAL FUND A/C HDFC SMALL CAP FUND,NSE,Bulk,228.0,980000,0.0126
390,2020-10-21,BEML Ltd.,Purchase,HDFC Group,HDFC MUTUAL FUND,BSE,Bulk,619.72,344800,0.0083
392,2020-10-21,Kirloskar Pneumatic Company Ltd.,Purchase,HDFC Group,HDFC TRUSTEE CO. LTD. A/C HDFC CHILDRENS GIFT FUND,BSE,Bulk,112.0,2460905,0.038
395,2020-11-04,Matrimony.com Ltd.,Purchase,SBI Group,SBI MUTUAL FUND,NSE,Bulk,628.0,500000,0.0225
396,2020-11-10,Crompton Greaves Consumer Electricals Ltd.,Purchase,HDFC Group,HDFC STANDARD LIFE INSURANCE COMPANY LIMITED,NSE,Bulk,296.5,4500000,0.006999999999999999
397,2020-11-10,Crompton Greaves Consumer Electricals Ltd.,Purchase,SBI Group,SBI MUTUAL FUND,NSE,Bulk,296.49,10135135,0.0158
398,2020-11-17,Ashiana Housing Ltd.,Purchase,SBI Group,SBI MUTUAL FUND,NSE,Bulk,82.9,2329821,0.0232
401,2020-11-23,Aavas Financiers Ltd.,Purchase,SBI Group,SBI LIFE INSURANCE COMPANY LIMITED,BSE,Bulk,1515.0,660000,0.0083
402,2020-11-23,Matrimony.com Ltd.,Purchase,SBI Group,SBI MUTUAL FUND,NSE,Bulk,643.9,744279,0.0334
406,2020-12-16,Indiabulls Housing Finance Ltd.,Purchase,Kotak Group,KOTAK SECURITIES LTD,NSE,Bulk,205.13,2715064,0.004699999999999999
408,2020-12-17,Aurum Proptech Ltd.,Purchase,ICICI Group,ICICI BANK LTD A/C ICICI TREASURY,NSE,Bulk,968.08,201000,0.0051
409,2020-12-21,Birlasoft Ltd.,Purchase,ICICI Group,ICICI PRUDENTIAL MUTUAL FUND,NSE,Block,205.15,4000000,0.0144
410,2020-12-24,Inox Leisure Ltd.,Purchase,HDFC Group,HDFC MUTUAL FUND A/C HDFC DIVIDEND YIELD FUND,BSE,Bulk,278.7,1500000,0.0123
412,2020-12-24,Paisalo Digital Ltd.,Purchase,SBI Group,SBI LIFE INSURANCE COMPANY LIMITED,NSE,Bulk,490.0,3800000,0.0085
413,2020-12-30,Centum Electronics Ltd.,Purchase,HDFC Group,HDFC MUTUAL FUND A/C HDFC DIVIDEND YIELD FUND,NSE,Bulk,421.19,400000,0.031
415,2021-01-04,Greenply Industries Ltd.,Purchase,HDFC Group,HDFC MUTUAL FUND,NSE,Bulk,122.6,1806000,0.0146
417,2021-01-05,Prism Johnson Ltd.,Purchase,SBI Group,SBI MUTUAL FUND,NSE,Bulk,88.0,9290000,0.018500000000000003
419,2021-01-06,PNC Infratech Ltd.,Purchase,Axis Group,AXIS MUTUAL FUND,BSE,Bulk,175.0,4400000,0.0172
420,2021-01-14,Ahluwalia Contracts (India) Ltd.,Purchase,SBI Group,SBI MUTUAL FUND,NSE,Bulk,265.0,2600000,0.0388
421,2021-01-14,M M Forgings Ltd.,Purchase,HDFC Group,HDFC MUTUAL FUND,NSE,Bulk,448.5,290699,0.012
423,2021-01-18,GHCL Ltd.,Purchase,HDFC Group,HDFC MUTUAL FUND,BSE,Bulk,209.25,800000,0.0084
425,2021-01-20,Kirloskar Oil Engines Ltd.,Purchase,SBI Group,SBI MUTUAL FUND,NSE,Bulk,125.0,5223094,0.036000000000000004
428,2021-02-19,Esab India Ltd.,Purchase,SBI Group,SBI MUTUAL FUND A/C SBI SMALL CAP FUND,NSE,Bulk,1865.0,341733,0.0222
431,2021-02-24,Esab India Ltd.,Purchase,SBI Group,SBI MUTUAL FUND,NSE,Bulk,1865.0,250000,0.016200000000000003
483,2021-02-26,Esab India Ltd.,Purchase,SBI Group,SBI MUTUAL FUND,NSE,Bulk,1865.0,300000,0.0195
485,2021-03-03,Indiabulls Housing Finance Ltd.,Purchase,Kotak Group,KOTAK SECURITIES LTD,NSE,Bulk,244.14,2344219,0.0040999999999999995
502,2021-03-04,Indiabulls Housing Finance Ltd.,Purchase,Kotak Group,KOTAK SECURITIES LTD,NSE,Bulk,246.79,46286,0.0001
519,2021-03-09,Bharat Petroleum Corporation Ltd.,Purchase,ICICI Group,ICICI PRUDENTIAL MUTUAL FUND A/C ICICI PRUDENTIAL VALUE DISCOVERY FUND,NSE,Bulk,438.1,13884962,0.0064
521,2021-03-19,Affle (India) Ltd.,Purchase,Vanguard Fund,THE VANGUARD GROUP INC A/C VANGUARD EMERG. MKTS STOCK INDEXFD A SERIES OF V I E I F,NSE,Bulk,5351.46,139019,0.001
522,2021-03-19,Akzo Nobel India Ltd.,Purchase,Vanguard Fund,THE VANGUARD GROUP INC A/C VANGUARD EMERG. MKTS STOCK INDEXFD A SERIES OF V I E I F,NSE,Bulk,2200.49,229855,0.005
523,2021-03-19,Alok Industries Ltd.,Purchase,Vanguard Fund,THE VANGUARD GROUP INC A/C VANGUARD EMERG. MKTS STOCK INDEXFD A SERIES OF V I E I F,NSE,Bulk,19.91,25215483,0.0051
524,2021-03-19,Brigade Enterprises Ltd.,Purchase,Vanguard Fund,THE VANGUARD GROUP INC A/C VANGUARD EMERG. MKTS STOCK INDEXFD A SERIES OF V I E I F,NSE,Bulk,250.03,1830446,0.0079
525,2021-03-19,CG Power and Industrial Solutions Ltd.,Purchase,Vanguard Fund,THE VANGUARD GROUP INC A/C VANGUARD EMERG. MKTS STOCK INDEXFD A SERIES OF V I E I F,NSE,Bulk,58.9,11186212,0.0073
526,2021-03-19,Central Depository Services (India) Ltd.,Purchase,Vanguard Fund,THE VANGUARD GROUP INC A/C VANGUARD EMERG. MKTS STOCK INDEXFD A SERIES OF V I E I F,NSE,Bulk,608.57,1047918,0.01
527,2021-03-19,CreditAccess Grameen Ltd.,Purchase,Vanguard Fund,THE VANGUARD GROUP INC A/C VANGUARD EMERG. MKTS STOCK INDEXFD A SERIES OF V I E I F,NSE,Bulk,688.32,1568275,0.0098
528,2021-03-19,Cyient Ltd.,Purchase,Vanguard Fund,THE VANGUARD GROUP INC A/C VANGUARD EMERG. MKTS STOCK INDEXFD A SERIES OF V I E I F,NSE,Bulk,660.13,1536306,0.0139
529,2021-03-19,EPL Ltd.,Purchase,Vanguard Fund,THE VANGUARD GROUP INC A/C VANGUARD EMERG. MKTS STOCK INDEXFD A SERIES OF V I E I F,NSE,Bulk,211.15,2936779,0.0092
530,2021-03-19,Eris Lifesciences Ltd.,Purchase,Vanguard Fund,THE VANGUARD GROUP INC A/C VANGUARD EMERG. MKTS STOCK INDEXFD A SERIES OF V I E I F,NSE,Bulk,578.27,994897,0.0073
531,2021-03-19,Firstsource Solutions Ltd.,Purchase,Vanguard Fund,THE VANGUARD GROUP INC A/C VANGUARD EMERG. MKTS STOCK INDEXFD A SERIES OF V I E I F,NSE,Bulk,111.49,5870451,0.0084
532,2021-03-19,Honeywell Automation India Ltd.,Purchase,Vanguard Fund,THE VANGUARD GROUP INC A/C VANGUARD EMERG. MKTS STOCK INDEXFD A SERIES OF V I E I F,NSE,Bulk,43009.54,70589,0.008
533,2021-03-19,IIFL Finance Ltd.,Purchase,Vanguard Fund,THE VANGUARD GROUP INC A/C VANGUARD EMERG. MKTS STOCK INDEXFD A SERIES OF V I E I F,NSE,Bulk,301.83,6208217,0.0163
534,2021-03-19,IndiaMART InterMESH Ltd.,Purchase,Vanguard Fund,THE VANGUARD GROUP INC A/C VANGUARD EMERG. MKTS STOCK INDEXFD A SERIES OF V I E I F,NSE,Bulk,8140.57,184193,0.0031
535,2021-03-19,Indian Energy Exchange Ltd.,Purchase,Vanguard Fund,THE VANGUARD GROUP INC A/C VANGUARD EMERG. MKTS STOCK INDEXFD A SERIES OF V I E I F,NSE,Bulk,370.75,3093250,0.0034999999999999996
536,2021-03-19,Intellect Design Arena Ltd.,Purchase,Vanguard Fund,THE VANGUARD GROUP INC A/C VANGUARD EMERG. MKTS STOCK INDEXFD A SERIES OF V I E I F,NSE,Bulk,669.28,1528201,0.011200000000000002
537,2021-03-19,Lakshmi Machine Works Ltd.,Purchase,Vanguard Fund,THE VANGUARD GROUP INC A/C VANGUARD EMERG. MKTS STOCK INDEXFD A SERIES OF V I E I F,NSE,Bulk,6966.9,101831,0.0095
538,2021-03-19,Narayana Hrudayalaya Ltd.,Purchase,Vanguard Fund,THE VANGUARD GROUP INC A/C VANGUARD EMERG. MKTS STOCK INDEXFD A SERIES OF V I E I F,NSE,Bulk,385.42,1470158,0.0072
539,2021-03-19,Ratnamani Metals & Tubes Ltd.,Purchase,Vanguard Fund,THE VANGUARD GROUP INC A/C VANGUARD EMERG. MKTS STOCK INDEXFD A SERIES OF V I E I F,NSE,Bulk,1889.83,334361,0.0048
540,2021-03-19,Sonata Software Ltd.,Purchase,Vanguard Fund,THE VANGUARD GROUP INC A/C VANGUARD EMERG. MKTS STOCK INDEXFD A SERIES OF V I E I F,NSE,Bulk,471.01,1324744,0.004699999999999999
541,2021-03-19,Tanla Platforms Ltd.,Purchase,Vanguard Fund,THE VANGUARD GROUP INC A/C VANGUARD EMERG. MKTS STOCK INDEXFD A SERIES OF V I E I F,NSE,Bulk,881.96,1112115,0.0083
542,2021-03-19,Tata Chemicals Ltd.,Purchase,Vanguard Fund,THE VANGUARD GROUP INC A/C VANGUARD EMERG. MKTS STOCK INDEXFD A SERIES OF V I E I F,NSE,Bulk,746.1,5321023,0.0209
543,2021-03-19,Vaibhav Global Ltd.,Purchase,Vanguard Fund,THE VANGUARD GROUP INC A/C VANGUARD EMERG. MKTS STOCK INDEXFD A SERIES OF V I E I F,NSE,Bulk,3922.13,242499,0.0015
544,2021-03-19,Westlife Foodworld Ltd.,Purchase,Vanguard Fund,THE VANGUARD GROUP INC A/C VANGUARD EMERG. MKTS STOCK INDEXFD A SERIES OF V I E I F,NSE,Bulk,470.77,1676852,0.0108
545,2021-03-19,Zensar Technologies Ltd.,Purchase,Vanguard Fund,THE VANGUARD GROUP INC A/C VANGUARD EMERG. MKTS STOCK INDEXFD A SERIES OF V I E I F,NSE,Bulk,295.31,2137468,0.009399999999999999
546,2021-03-19,Zydus Wellness Ltd.,Purchase,Vanguard Fund,THE VANGUARD GROUP INC A/C VANGUARD EMERG. MKTS STOCK INDEXFD A SERIES OF V I E I F,NSE,Bulk,1862.8,393492,0.0062
547,2021-03-23,Intellect Design Arena Ltd.,Purchase,Vanguard Fund,VANGUARD FUNDS PUBLIC LIMITED COMPANY VANGUARD FTSE ALL WORLD ETF,NSE,Bulk,670.0,720000,0.0053
548,2021-03-24,Zensar Technologies Ltd.,Purchase,Vanguard Fund,THE VANGUARD GROUP INC A/C VANGUARD EMERG. MKTS STOCK INDEXFD A SERIES OF V I E I F,NSE,Bulk,292.0,1777036,0.0078000000000000005
549,2021-03-31,Eris Lifesciences Ltd.,Purchase,Vanguard Fund,VANGUARD FUNDS PUBLIC LIMITED COMPANY VANGUARD FTSE ALL WORLD ETF,NSE,Bulk,605.0,705237,0.0052
551,2021-04-01,EPL Ltd.,Purchase,Vanguard Fund,VANGUARD FUNDS PUBLIC LIMITED COMPANY VANGUARD FTSE ALL WORLD ETF,NSE,Bulk,240.0,1643796,0.0052
552,2021-04-09,Timken India Ltd.,Purchase,HDFC Group,HDFC MUTUAL FUND,NSE,Block,1360.0,1840000,0.024399999999999998
553,2021-04-12,Brigade Enterprises Ltd.,Purchase,Vanguard Fund,VANGUARD FUNDS PUBLIC LIMITED COMPANY VANGUARD FTSE ALL WORLD ETF,NSE,Bulk,257.33,1672090,0.0072
557,2021-04-26,Paisalo Digital Ltd.,Purchase,SBI Group,STATE BANK OF INDIA,NSE,Bulk,615.0,399212,0.0009
560,2021-05-07,SBI Life Insurance Company Ltd.,Purchase,Axis Group,AXIS MUTUAL FUND,BSE,Block,960.0,1300000,0.0013
561,2021-05-07,SBI Life Insurance Company Ltd.,Purchase,Franklin India Group,FRANKLIN TEMPLETON MUTUAL FUND,BSE,Block,960.0,500000,0.0005
562,2021-05-07,SBI Life Insurance Company Ltd.,Purchase,HDFC Group,"HDFC MUTUAL FUND, HDFC STANDARD LIFE INSURANCE CO LTD",BSE,Block,960.0,2670000,0.0027
563,2021-05-07,SBI Life Insurance Company Ltd.,Purchase,ICICI Group,"ICICI PRUDENTIAL MUTUAL FUND, ICICI PRUDENTIAL LIFE INSURANCE COMPANY LIMITED",BSE,Block,960.0,12800000,0.0128
564,2021-05-07,SBI Life Insurance Company Ltd.,Purchase,SBI Group,SBI MUTUAL FUND,BSE,Block,960.0,500000,0.0005
565,2021-05-07,SBI Life Insurance Company Ltd.,Purchase,Vanguard Fund,"VANGUARD TOTAL INTERNATIONAL STOCK INDEX FUND, VANGUARD EMERGING MARKETS STOCK INDEX FUND A SERIES OF VIEIF",BSE,Block,960.0,300000,0.00030000000000000003
566,2021-05-10,Coforge Ltd.,Purchase,Axis Group,AXIS MUTUAL FUND A/C - AXIS LONG TERM EQUITY FUND,BSE,Bulk,3240.0,617284,0.01
567,2021-05-10,Solara Active Pharma Sciences Ltd.,Purchase,Kotak Group,"KOTAK GUARANTEED BALANCED FUND ULIF 010 27 06 03 GRTBALFND 107, KOTAK MAHINDRA LIFE INSURANCE COMPANY LTD KOTAK GROUP PRUDENT FUND ULGF019040717KGPFFND107, KOTAK DYNAMIC GROWTH FUND ULIF 012 27 06 03 DYGWTFND 107, KOTAK GUARANTEED GROWTH FUND ULIF 013 27 06 03 GRTGWTFND 107, KOTAK GROUP BALANCED FUND ULGF 003 27 06 03 BALFND 107, KOTAK OPPORTUNITIES FUND ULIF 029 02 10 08 OPPFND 107",BSE,Block,1552.05,46872,0.0012
571,2021-05-26,Kalpataru Projects International Ltd.,Purchase,SBI Group,SBI MUTUAL FUND,BSE,Bulk,425.0,2827724,0.0174
573,2021-05-28,Paisalo Digital Ltd.,Purchase,SBI Group,STATE BANK OF INDIA,NSE,Bulk,570.0,437498,0.001
574,2021-05-31,IRB Infrastructure Developers Ltd.,Purchase,HDFC Group,HDFC MUTUAL FUND,NSE,Bulk,111.0,2481000,0.0004
576,2021-06-01,IRB Infrastructure Developers Ltd.,Purchase,HDFC Group,HDFC MUTUAL FUND,NSE,Bulk,111.34,2462680,0.0004
577,2021-06-03,Power Mech Projects Ltd.,Purchase,HDFC Group,HDFC MUTUAL FUND,NSE,Bulk,633.0,130000,0.008199999999999999
579,2021-06-04,Indiabulls Housing Finance Ltd.,Purchase,Kotak Group,KOTAK SECURITIES LTD,NSE,Bulk,246.48,2999358,0.0052
582,2021-06-07,Indiabulls Housing Finance Ltd.,Purchase,Kotak Group,KOTAK SECURITIES LTD,NSE,Bulk,253.41,39648,0.0001
585,2021-06-07,TVS Motor Company Ltd.,Purchase,Axis Group,AXIS MUTUAL FUND,NSE,Block,617.25,810044,0.0017000000000000001
586,2021-06-07,TVS Motor Company Ltd.,Purchase,ICICI Group,"ICICI PRUDENTIAL MUTUAL FUND, ICICI PRUDENTIAL LIFE INSURANCE COMPANY LIMITED",NSE,Bulk,617.25,19927094,0.041999999999999996
587,2021-06-07,TVS Motor Company Ltd.,Purchase,SBI Group,SBI MUTUAL FUND,NSE,Bulk,617.25,8100444,0.017
589,2021-06-09,Crompton Greaves Consumer Electricals Ltd.,Purchase,HDFC Group,HDFC STANDARD LIFE INSURANCE CO LTD,BSE,Block,400.4,1480000,0.0023
590,2021-06-09,Crompton Greaves Consumer Electricals Ltd.,Purchase,ICICI Group,ICICI PRUDENTIAL LIFE INSURANCE COMPANY LIMITED,BSE,Block,400.4,2497000,0.0039000000000000003
591,2021-06-09,Crompton Greaves Consumer Electricals Ltd.,Purchase,Kotak Group,ALPS KOTAK INDIA GROWTH FUND,BSE,Block,400.4,255000,0.0004
592,2021-06-09,Crompton Greaves Consumer Electricals Ltd.,Purchase,SBI Group,"SBI MUTUAL FUND, SBI LIFE INSURANCE COMPANY LTD",BSE,Block,400.4,26830000,0.0419
594,2021-06-09,Ion Exchange (India) Ltd.,Purchase,Franklin India Group,FRANKLIN TEMPLETON MUTUAL FUND,BSE,Bulk,1984.49,120000,0.0008
595,2021-06-09,Nazara Technologies Ltd.,Purchase,Kotak Group,ALPS/KOTAK INDIA GROWTH FUND,NSE,Block,1641.95,64312,0.0009
596,2021-06-10,Indiabulls Housing Finance Ltd.,Purchase,Kotak Group,KOTAK SECURITIES LTD,NSE,Bulk,277.87,3537017,0.0062
598,2021-06-11,Bharat Forge Ltd.,Purchase,SBI Group,SBI LIFE INSURANCE COMPANY LTD,NSE,Block,750.8,1997860,0.0043
600,2021-06-11,NHPC Ltd.,Purchase,SBI Group,SBI MUTUAL FUND,BSE,Block,27.05,30000000,0.003
602,2021-06-14,V-Guard Industries Ltd.,Purchase,SBI Group,SBI MUTUAL FUND,NSE,Bulk,265.0,10000000,0.023
607,2021-06-18,Computer Age Management Services Ltd.,Purchase,Vanguard Fund,THE VANGUARD GROUP INC A/C VANGUARD EMERGING MARKETS STOCK INDEX FUND A SERIES OF VANGUARD INTERNAT,NSE,Bulk,2781.82,348311,0.0070999999999999995
608,2021-06-18,KNR Constructions Ltd.,Purchase,SBI Group,SBI MUTUAL FUND,NSE,Bulk,223.0,4763679,0.0169
611,2021-06-28,National Aluminium Company Ltd.,Purchase,Kotak Group,KOTAK SECURITIES LTD,NSE,Bulk,79.72,14242265,0.0078000000000000005
613,2021-06-28,Tanla Platforms Ltd.,Purchase,SBI Group,SBI LIFE INSURANCE COMPANY LTD,NSE,Block,836.8,500000,0.0037
614,2021-06-29,Wendt (India) Ltd.,Purchase,SBI Group,SBI MUTUAL FUND,BSE,Bulk,3850.0,69932,0.035
621,2021-07-19,Transport Corporation of India Ltd.,Purchase,HDFC Group,HDFC MUTUAL FUND A/C HDFC SMALL CAP FUND,NSE,Bulk,402.35,1000000,0.0129
623,2021-07-20,Just Dial Ltd.,Purchase,Reliance Group,RELIANCE RETAIL VENTURES LIMITED,BSE,Bulk,1020.0,26122326,0.3072
624,2021-07-20,Transport Corporation of India Ltd.,Purchase,HDFC Group,HDFC MUTUAL FUND,BSE,Bulk,405.4,975312,0.0126
628,2021-08-05,SBI Life Insurance Company Ltd.,Purchase,Franklin India Group,FRANKLIN TEMPLETON MUTUAL FUND,BSE,Block,1130.0,800000,0.0008
629,2021-08-05,SBI Life Insurance Company Ltd.,Purchase,HDFC Group,HDFC STANDARD LIFE INSURANCE CO LTD,BSE,Block,1130.0,325000,0.0003
630,2021-08-05,SBI Life Insurance Company Ltd.,Purchase,ICICI Group,ICICI PRUDENTIAL MUTUAL FUND,BSE,Block,1130.0,3600000,0.0036
631,2021-08-05,SBI Life Insurance Company Ltd.,Purchase,Kotak Group,KOTAK MAHINDRA MUTUAL FUND,BSE,Block,1130.0,300000,0.0003
632,2021-08-05,SBI Life Insurance Company Ltd.,Purchase,SBI Group,SBI MUTUAL FUND,BSE,Block,1130.0,2600000,0.0027
633,2021-08-06,Mold-Tek Packaging Ltd.,Purchase,Kotak Group,ALPS KOTAK INDIA GROWTH FUND,NSE,Bulk,517.99,252000,0.0076
634,2021-08-11,Timken India Ltd.,Purchase,HDFC Group,HDFC MUTUAL FUND,NSE,Block,1535.6,1190000,0.0158
635,2021-08-20,Aavas Financiers Ltd.,Purchase,HDFC Group,"HDFC STANDARD LIFE INSURANCE CO LTD, HDFC MUTUAL FUND",BSE,Block,2452.5,1150000,0.0146
636,2021-08-20,Aavas Financiers Ltd.,Purchase,Kotak Group,"KOTAK MAHINDRA MATUAL FUND, KOTAK FUNDS - INDIA MIDCAP FUND, ALPS KOTAK INDIA GROWTH FUND",BSE,Block,2452.5,182333,0.0023
637,2021-08-20,Reliance Chemotex Industries Ltd.,Purchase,Kotak Group,"VIKRAM KOTAK HUF, VIKRAM PRATAPBHAI KOTAK",BSE,Bulk,120.0,165000,0.0219
639,2021-08-24,Sudarshan Chemical Industries Ltd.,Purchase,Axis Group,AXIS MUTUAL FUND AC AXIS SMALL CAP FUND,BSE,Bulk,565.0,589498,0.0085
640,2021-09-01,Power Mech Projects Ltd.,Purchase,HDFC Group,HDFC MUTUAL FUND HDFC A/C HDFC SMALL AND MID CAP FUND,NSE,Bulk,816.6,183476,0.0116
642,2021-09-17,Aster DM Healthcare Ltd.,Purchase,Vanguard Fund,THE VANGUARD GROUP INC A/C VANGUARD TOTAL INTERNATIONAL STOCK INDEX FUND (P8),NSE,Bulk,216.42,2659223,0.0053
643,2021-09-17,KEI Industries Ltd.,Purchase,Vanguard Fund,"THE VANGUARD GROUP INC A/C VANGUARD EMERG. MKTS STOCK INDEXFD A SERIES OF V I E I F, THE VANGUARD GROUP INC A/C VANGUARD TOTAL INTERNATIONAL STOCK INDEX FUND (P8)",NSE,Bulk,847.56,986771,0.0109
644,2021-09-17,KPIT Technologies Ltd.,Purchase,Vanguard Fund,"THE VANGUARD GROUP INC A/C VANGUARD EMERG. MKTS STOCK INDEXFD A SERIES OF V I E I F, THE VANGUARD GROUP INC A/C VANGUARD TOTAL INTERNATIONAL STOCK INDEX FUND (P8)",NSE,Bulk,319.77,4583295,0.016800000000000002
645,2021-09-17,Praj Industries Ltd.,Purchase,Vanguard Fund,THE VANGUARD GROUP INC A/C VANGUARD TOTAL INTERNATIONAL STOCK INDEX FUND (P8),NSE,Bulk,341.71,924961,0.005
646,2021-09-22,Sadbhav Engineering Ltd.,Purchase,HDFC Group,HDFC MUTUAL FUND,BSE,Bulk,49.0,2200392,0.0128
648,2021-09-23,Blue Star Ltd.,Purchase,SBI Group,SBI MUTUAL FUND,NSE,Bulk,850.25,2381075,0.0124
650,2021-09-29,Max Healthcare Institute Ltd.,Purchase,HDFC Group,HDFC MUTUAL FUND,NSE,Bulk,350.0,5700000,0.0059
651,2021-09-29,Max Healthcare Institute Ltd.,Purchase,SBI Group,SBI MUTUAL FUND,NSE,Bulk,350.0,42857000,0.0441
658,2021-10-27,Gateway Distriparks Ltd.,Purchase,SBI Group,SBI MUTUAL FUND,BSE,Bulk,262.5,4300000,0.0344
660,2021-10-28,Disa India Ltd.,Purchase,SBI Group,SBI MUTUAL FUND,BSE,Bulk,5000.0,116955,0.0804
665,2021-11-18,Zensar Technologies Ltd.,Purchase,ICICI Group,ICICI PRUDENTIAL MUTUAL FUND,BSE,Bulk,450.0,1477137,0.006500000000000001
667,2021-11-26,Indiabulls Housing Finance Ltd.,Purchase,Kotak Group,KOTAK SECURITIES LTD,NSE,Bulk,246.18,2522834,0.0044
669,2021-12-02,Kirloskar Oil Engines Ltd.,Purchase,Franklin India Group,"FRANKLIN TEMPLETON MUTUAL FUND INDIA TAXSHIELD OPEN, FRANKLIN TEMPLETON MUTUAL FUND INDIA PRIMA PLUS",NSE,Bulk,180.0,4000000,0.0276
675,2021-12-09,Dilip Buildcon Ltd.,Purchase,HDFC Group,HDFC MUTUAL FUND,BSE,Bulk,565.5,873417,0.006
677,2021-12-09,Go Fashion (India) Ltd.,Purchase,SBI Group,SBI MUTUAL FUND,NSE,Bulk,1172.0,3000000,0.0556
678,2021-12-09,Kalpataru Projects International Ltd.,Purchase,HDFC Group,HDFC MUTUAL FUND,NSE,Bulk,381.45,1263185,0.0078000000000000005
679,2021-12-09,Kalpataru Projects International Ltd.,Purchase,ICICI Group,ICICI PRUDENTIAL MUTUAL FUND,BSE,Block,378.0,8900000,0.0548
682,2021-12-09,Nilkamal Ltd.,Purchase,HDFC Group,HDFC MUTUAL FUND,BSE,Bulk,2311.0,149493,0.01
684,2021-12-09,Wheels India Ltd.,Purchase,HDFC Group,HDFC MUTUAL FUND,BSE,Bulk,663.0,986388,0.0404
686,2021-12-15,Sagar Cements Ltd.,Purchase,HDFC Group,HDFC MUTUAL FUND,BSE,Bulk,248.15,884159,0.0068000000000000005
688,2021-12-17,Apar Industries Ltd.,Purchase,HDFC Group,HDFC MUTUAL FUND,NSE,Bulk,750.0,700000,0.0174
690,2021-12-28,Elecon Engineering Company Ltd.,Purchase,HDFC Group,HDFC MUTUAL FUND-HDFC MULTI CAP FUND,NSE,Bulk,176.8,2020682,0.018000000000000002
698,2022-03-10,Ahluwalia Contracts (India) Ltd.,Purchase,SBI Group,SBI MUTUAL FUND,NSE,Bulk,383.25,1701209,0.0254
700,2022-03-17,Angel One Ltd.,Purchase,Vanguard Fund,THE VANGUARD GROUP INC A/C VANGUARD EMERG. MKTS STOCK INDEXFD A SERIES OF V I E I F,NSE,Bulk,1607.83,1548032,0.0184
701,2022-03-17,BSE Ltd.,Purchase,Vanguard Fund,THE VANGUARD GROUP INC A/C VANGUARD EMERG. MKTS STOCK INDEXFD A SERIES OF V I E I F,NSE,Bulk,2852.42,801385,0.0059
702,2022-03-17,Birla Corporation Ltd.,Purchase,Vanguard Fund,THE VANGUARD GROUP INC A/C VANGUARD EMERG. MKTS STOCK INDEXFD A SERIES OF V I E I F,NSE,Bulk,1099.9,534917,0.0069
703,2022-03-17,Century Plyboards (India) Ltd.,Purchase,Vanguard Fund,THE VANGUARD GROUP INC A/C VANGUARD EMERG. MKTS STOCK INDEXFD A SERIES OF V I E I F,NSE,Bulk,677.49,1491869,0.0067
704,2022-03-17,Chemplast Sanmar Ltd.,Purchase,Vanguard Fund,THE VANGUARD GROUP INC A/C VANGUARD EMERG. MKTS STOCK INDEXFD A SERIES OF V I E I F,NSE,Bulk,591.23,1661293,0.0105
705,2022-03-17,Computer Age Management Services Ltd.,Purchase,Vanguard Fund,THE VANGUARD GROUP INC A/C VANGUARD EMERG. MKTS STOCK INDEXFD A SERIES OF V I E I F,NSE,Bulk,2375.46,480902,0.0098
706,2022-03-17,Grindwell Norton Ltd.,Purchase,Vanguard Fund,THE VANGUARD GROUP INC A/C VANGUARD EMERG. MKTS STOCK INDEXFD A SERIES OF V I E I F,NSE,Bulk,1838.08,1073772,0.0097
707,2022-03-17,Gujarat Narmada Valley Fertilizers & Chemicals Ltd.,Purchase,Vanguard Fund,THE VANGUARD GROUP INC A/C VANGUARD EMERG. MKTS STOCK INDEXFD A SERIES OF V I E I F,NSE,Bulk,754.47,2998241,0.0204
708,2022-03-17,KNR Constructions Ltd.,Purchase,Vanguard Fund,THE VANGUARD GROUP INC A/C VANGUARD EMERG. MKTS STOCK INDEXFD A SERIES OF V I E I F,NSE,Bulk,284.02,2285706,0.008100000000000001
709,2022-03-17,Krishna Institute of Medical Sciences Ltd.,Purchase,Vanguard Fund,THE VANGUARD GROUP INC A/C VANGUARD EMERG. MKTS STOCK INDEXFD A SERIES OF V I E I F,NSE,Bulk,1317.44,430461,0.0054
710,2022-03-17,Mastek Ltd.,Purchase,Vanguard Fund,THE VANGUARD GROUP INC A/C VANGUARD EMERG. MKTS STOCK INDEXFD A SERIES OF V I E I F,NSE,Bulk,3069.69,326410,0.0106
711,2022-03-17,NIIT Ltd.,Purchase,Vanguard Fund,THE VANGUARD GROUP INC A/C VANGUARD EMERG. MKTS STOCK INDEXFD A SERIES OF V I E I F,NSE,Bulk,473.77,1559423,0.0115
712,2022-03-17,Nuvoco Vistas Corporation Ltd.,Purchase,Vanguard Fund,THE VANGUARD GROUP INC A/C VANGUARD EMERG. MKTS STOCK INDEXFD A SERIES OF V I E I F,NSE,Bulk,377.81,1813317,0.0051
713,2022-03-17,Route Mobile Ltd.,Purchase,Vanguard Fund,THE VANGUARD GROUP INC A/C VANGUARD EMERG. MKTS STOCK INDEXFD A SERIES OF V I E I F,NSE,Bulk,1556.7,506137,0.008100000000000001
714,2022-03-17,Saregama India Ltd.,Purchase,Vanguard Fund,THE VANGUARD GROUP INC A/C VANGUARD EMERG. MKTS STOCK INDEXFD A SERIES OF V I E I F,NSE,Bulk,4392.12,147376,0.0008
716,2022-03-17,UTI Asset Management Company Ltd.,Purchase,Vanguard Fund,THE VANGUARD GROUP INC A/C VANGUARD EMERG. MKTS STOCK INDEXFD A SERIES OF V I E I F,NSE,Bulk,926.99,2513225,0.019799999999999998
717,2022-03-17,VIP Industries Ltd.,Purchase,Vanguard Fund,THE VANGUARD GROUP INC A/C VANGUARD EMERG. MKTS STOCK INDEXFD A SERIES OF V I E I F,NSE,Bulk,633.21,1276892,0.009000000000000001
718,2022-03-17,Vardhman Textiles Ltd.,Purchase,Vanguard Fund,THE VANGUARD GROUP INC A/C VANGUARD EMERG. MKTS STOCK INDEXFD A SERIES OF V I E I F,NSE,Bulk,2643.51,462192,0.0016
719,2022-03-17,Vesuvius India Ltd.,Purchase,HDFC Group,HDFC MUTUAL FUND,NSE,Bulk,980.15,387773,0.0191
721,2022-03-17,YES Bank Ltd.,Purchase,Vanguard Fund,THE VANGUARD GROUP INC A/C VANGUARD EMERG. MKTS STOCK INDEXFD A SERIES OF V I E I F,NSE,Bulk,12.99,369873766,0.0129
722,2022-03-29,SBI Life Insurance Company Ltd.,Purchase,ICICI Group,"ICICI PRUDENTIAL MUTUAL FUND A/C ICICI PRUDENTIAL LARGE & MID CAP FUND, ICICI PRUDENTIAL MUTUAL FUND A/C ICICI PRUDENTIAL EQUITY & DEBT FUND, ICICI PRUDENTIAL MUTUAL FUND A/C ICICI PRUDENTIAL BANKING & FINANCIAL SERVICES FUND, ICICI PRUDENTIAL MUTUAL FUND A/C ICICI PRUDENTIAL MIDCAP FUND, ICICI PRUDENTIAL MUTUAL FUND A/C ICICI PRUDENTIAL REGULAR SAVINGS FUND, ICICI PRUDENTIAL MUTUAL FUND A/C ICICI PRUDENTIAL BUSINESS CYCLE FUND",NSE,Block,1068.35,830000,0.0008
723,2022-03-31,Max Healthcare Institute Ltd.,Purchase,SBI Group,SBI MUTUAL FUND,NSE,Bulk,340.0,6346506,0.006500000000000001
724,2022-04-06,Barbeque-Nation Hospitality Ltd.,Purchase,ICICI Group,ICICI PRUDENTIAL MUTUAL FUND UNITS,NSE,Bulk,1175.0,1702128,0.0436
725,2022-04-13,Mrs. Bectors Food Specialities Ltd.,Purchase,SBI Group,SBI MUTUAL FUND,NSE,Bulk,303.0,3300330,0.056100000000000004
726,2022-04-26,Endurance Technologies Ltd.,Purchase,SBI Group,SBI MUTUAL FUND,NSE,Bulk,1162.0,2373749,0.016900000000000002
727,2022-06-01,Bata India Ltd.,Purchase,Axis Group,AXIS MUTUAL FUND,BSE,Block,1860.0,785000,0.0060999999999999995
728,2022-06-01,Bata India Ltd.,Purchase,HDFC Group,"HDFC STANDARD LIFE INSURANCE CO LTD, HDFC MUTUAL FUND",BSE,Block,1860.0,280000,0.0022
729,2022-06-01,Bata India Ltd.,Purchase,Kotak Group,KOTAK MAHINDRA MUTUAL FUND,BSE,Block,1860.0,250000,0.0019
730,2022-06-29,MTAR Technologies Ltd.,Purchase,HDFC Group,HDFC MUTUAL FUND AC HDFC MULTI CAP FUND,BSE,Bulk,1250.0,200000,0.006500000000000001
732,2022-08-03,Zomato Ltd.,Purchase,ICICI Group,ICICI PRUDENTIAL LIFE INSURANCE COMPANY LIMITED,BSE,Bulk,50.25,45000000,0.0051
734,2022-08-10,Kirloskar Pneumatic Company Ltd.,Purchase,Franklin India Group,FRANKLIN TEMPLETON MUTUAL FUND,BSE,Bulk,463.55,937544,0.014499999999999999
735,2022-08-10,Kirloskar Pneumatic Company Ltd.,Purchase,ICICI Group,ICICI PRUDENTIAL LIFE INSURANCE COMPANY LIMITED,BSE,Bulk,463.05,865000,0.0134
736,2022-08-18,Embassy Office Parks REIT,Purchase,ICICI Group,ICICI PRUDENTIAL MUTUAL FUND,BSE,Bulk,357.0,11869867,0.0125
737,2022-08-18,Sona BLW Precision Forgings Ltd.,Purchase,SBI Group,SBI MUTUAL FUND,BSE,Bulk,505.0,8700000,0.0148
738,2022-08-26,Rolex Rings Ltd.,Purchase,ICICI Group,"ICICI PRUDENTIAL LIFE INSURANCE COMPANY LTD, ICICI PRUDENTIAL FLEXICAP FUND, ICICI PRUDENTIAL BHARAT CONSUMPTION FUND",NSE,Bulk,1700.0,704556,0.0259
739,2022-08-26,Rolex Rings Ltd.,Purchase,Kotak Group,KOTAK FUNDS - INDIA MIDCAP FUND,NSE,Bulk,1700.0,431679,0.0159
744,2022-09-06,Hatsun Agro Products Ltd.,Purchase,SBI Group,SBI MUTUAL FUND,BSE,Block,987.8,1520000,0.0068000000000000005
745,2022-09-06,Syngene International Ltd.,Purchase,ICICI Group,ICICI PRUDENTIAL MUTUAL FUND,BSE,Bulk,560.0,2828510,0.006999999999999999
747,2022-09-07,CG Power and Industrial Solutions Ltd.,Purchase,HDFC Group,HDFC LIFE INSURANCE COMPANY LIMITED,BSE,Block,215.0,3500000,0.0023
751,2022-09-12,Krishna Institute of Medical Sciences Ltd.,Purchase,ICICI Group,"ICICI PRUDENTIAL MUTUAL FUND A/C - ICICI PRUDENTIAL SMALLCAP FUND, ICICI PRUDENTIAL MUTUAL FUND A/C - ICICI PRUDENTIAL LONG TERM EQUITY FUND",BSE,Bulk,1250.0,2000000,0.024900000000000002
752,2022-09-14,Sundram Fasteners Ltd.,Purchase,ICICI Group,ICICI PRUDENTIAL MUTUAL FUND,BSE,Bulk,845.0,1377726,0.0066
754,2022-09-16,Deepak Fertilisers & Petrochemicals Corporation Ltd.,Purchase,Vanguard Fund,THE VANGUARD GROUP INC A/C VANGUARD EMERG. MKTS STOCK INDEXFD A SERIES OF V I E I F,NSE,Bulk,890.23,688921,0.0055000000000000005
755,2022-09-16,Elgi Equipments Ltd.,Purchase,Vanguard Fund,"THE VANGUARD GROUP INC A/C VANGUARD EMERG. MKTS STOCK INDEXFD A SERIES OF V I E I F, THE VANGUARD GROUP INC A/C VANGUARD TOTAL INTERNATIONAL STOCK INDEX FUND (P8)",NSE,Bulk,489.2,5539050,0.0175
757,2022-09-16,GHCL Ltd.,Purchase,Vanguard Fund,"THE VANGUARD GROUP INC A/C VANGUARD TOTAL INTERNATIONAL STOCK INDEX FUND (P8), THE VANGUARD GROUP INC A/C VANGUARD EMERG. MKTS STOCK INDEXFD A SERIES OF V I E I F",NSE,Bulk,671.12,1138844,0.0119
758,2022-09-19,Krishna Institute of Medical Sciences Ltd.,Purchase,ICICI Group,ICICI PRUDENTIAL LIFE INSURANCE COMPANY LIMITED,BSE,Bulk,1250.0,1210000,0.0151
760,2022-09-21,Triveni Turbine Ltd.,Purchase,SBI Group,SBI MUTUAL FUND,NSE,Block,226.7,16588576,0.05210000000000001
762,2022-09-23,PI Industries Ltd.,Purchase,ICICI Group,ICICI PRUDENTIAL LIFE INSURANCE COMPANY LIMITED,BSE,Block,3150.0,150000,0.001
763,2022-09-27,Embassy Office Parks REIT,Purchase,Kotak Group,KOTAK PERFORMING RE CREDIT STRATEGY FUND-I,NSE,Bulk,345.0,46376811,0.0489
764,2022-09-27,Safari Industries (India) Ltd.,Purchase,ICICI Group,ICICI PRUDENTIAL LIFE INSURANCE COMPANY LIMITED,NSE,Block,1529.75,75000,0.0016
766,2022-10-18,JTL Industries Ltd.,Purchase,Kotak Group,KOTAK MAHINDRA LIFE INSURANCE COMPANY LIMITED,BSE,Bulk,260.0,919400,0.0054
767,2022-10-18,Zee Entertainment Enterprises Ltd.,Purchase,Franklin India Group,"FRANKLIN TEMPLETON MUTUAL FUND A/C FRANKLIN TEMPLETON INDIA PRIMA FUND, FRANKLIN TEMPLETON MUTUAL FUND A/C FRANKLIN INDIA EQUITY ADVANTAGE FUND",NSE,Block,263.7,624611,0.0007
768,2022-10-18,Zee Entertainment Enterprises Ltd.,Purchase,ICICI Group,"ICICI PRUDENTIAL MUTUAL FUND A/C ICICI PRUDENTIAL BALANCED ADVANTAGE FUND, ICICI PRUDENTIAL MUTUAL FUND A/C ICICI PRUDENTIAL VALUE DISCOVERY FUND, ICICI PRUDENTIAL MUTUAL FUND A/C ICICI PRUDENTIAL BLUECHIP FUND, ICICI PRUDENTIAL LIFE INSURANCE (IPLCIL-U), ICICI PRUDENTIAL MUTUAL FUND A/C ICICI PRUDENTIAL INDIA OPPORTUNITIES FUND, ICICI PRUDENTIAL MUTUAL FUND A/C ICICI PRUDENTIAL BHARAT CONSUMPTION FUND, ICICI PRUDENTIAL MUTUAL FUND A/C ICICI PRUDENTIAL MULTICAP FUND, ICICI PRUDENTIAL MUTUAL FUND A/C ICICI PRUDENTIAL MULTI-ASSET FUND, ICICI PRUDENTIAL MUTUAL FUND A/C ICICI PRUDENTIAL MNC FUND, ICICI PRUDENTIAL MUTUAL FUND A/C ICICI PRUDENTIAL BUSINESS CYCLE FUND",NSE,Block,263.7,8244309,0.0087
769,2022-10-21,CSB Bank Ltd.,Purchase,SBI Group,SBI MUTUAL FUND,BSE,Bulk,233.0,3101737,0.0179
771,2022-11-09,Indigo Paints Ltd.,Purchase,ICICI Group,ICICI PRUDENTIAL LIFE INSURANCE COMPANY LIMITED,BSE,Bulk,1343.0,250000,0.0052
773,2022-11-18,FSN E-Commerce Ventures Ltd.,Purchase,ICICI Group,"ICICI PRUDENTIAL MUTUAL FUND, ICICI PRUDENTIAL LIFE INSURANCECOMPANY LTD.",NSE,Block,184.55,7350000,0.0026
774,2022-11-22,FSN E-Commerce Ventures Ltd.,Purchase,Axis Group,AXIS MUTUAL FUND,BSE,Block,182.0,550000,0.0002
775,2022-11-22,FSN E-Commerce Ventures Ltd.,Purchase,ICICI Group,ICICI PRUDENTIAL MUTUAL FUND,BSE,Block,182.0,4600000,0.0016000000000000003
778,2022-12-02,PB Fintech Ltd.,Purchase,Franklin India Group,"FTIF - TEMPLETON ASIAN SMALLER COMPANIES FUND, FRANKLIN TEMPLETON MUTUAL FUND, FTIF TEMPLETON EMERGING MARKETS SMALLER COMPANIES FUND, TEMPLETON GLOBAL INVESTMENT TRUST",NSE,Block,456.4,2234581,0.005
779,2022-12-02,PB Fintech Ltd.,Purchase,Kotak Group,"ALPS KOTAK INDIA GROWTH FUND, KOTAK FUNDS INDIA MIDCAP FUND, KOTAK INFINITY FUND CLASS AC, KOTAK FUNDS INDIA GROWTH FUND",NSE,Block,456.4,1661891,0.0036
781,2022-12-05,Rainbow Childrens Medicare Ltd.,Purchase,ICICI Group,ICICI PRUDENTIAL MUTUAL FUND,NSE,Bulk,735.0,1770000,0.0175
782,2022-12-14,VRL Logistics Ltd.,Purchase,ICICI Group,ICICI PRUDENTIAL MUTUAL FUND,NSE,Bulk,570.0,591366,0.0068000000000000005
783,2022-12-15,FSN E-Commerce Ventures Ltd.,Purchase,ICICI Group,ICICI PRUDENTIAL LIFE INSURANCE COMPANY LIMITED,BSE,Block,171.0,8770000,0.0031
784,2022-12-15,Sapphire Foods India Ltd.,Purchase,ICICI Group,"ICICI PRUDENTIAL MUTUAL FUND, ICICI PRUDENTIAL LIFE INSURANCE COMPANY LIMITED",BSE,Bulk,1347.0,1716468,0.0268
785,2022-12-15,Sapphire Foods India Ltd.,Purchase,Kotak Group,KOTAK FUNDS INDIA MIDCAP FUND,BSE,Bulk,1347.0,867988,0.0137
788,2022-12-22,Ajanta Pharma Ltd.,Purchase,Franklin India Group,"FRANKLIN TEMPLETON INVESTMENT FUNDS - TEMPLETON EMERGING MARKETS SMALLER COMPANIES FUND, FRANKLIN TEMPLETON MUTUAL FUND, FRANKLIN TEMPLETON INVESTMENT FUNDS - TEMPLETON ASIAN SMALLER COMPANIES FUND, TEMPLETON GLOBAL INVESTMENT TRUST - TEMPLETON EMERGING MARKETS SMALL CAP FUND",NSE,Block,1160.1,797600,0.0062
789,2022-12-22,Ajanta Pharma Ltd.,Purchase,ICICI Group,ICICI PRUDENTIAL MUTUAL FUND,NSE,Block,1160.1,2172220,0.0172
790,2023-01-13,Shriram Finance Ltd.,Purchase,ICICI Group,ICICI PRUDENTIAL LIFE INSURANCE COMPANY LIMITED,BSE,Block,1300.0,576923,0.0015
791,2023-02-01,Syngene International Ltd.,Purchase,ICICI Group,ICICI PRUDENTIAL MUTUAL FUND,BSE,Block,560.0,3750000,0.009300000000000001
792,2023-02-01,Syngene International Ltd.,Purchase,Kotak Group,"KOTAK FUNDS-INDIA MIDCAP FUND, KOTAK INFINITY FUND",BSE,Block,560.0,400000,0.001
793,2023-02-14,Safari Industries (India) Ltd.,Purchase,HDFC Group,HDFC MUTUAL FUND,BSE,Bulk,1860.0,250000,0.0053
794,2023-03-01,Delhivery Ltd.,Purchase,Vanguard Fund,"VANGUARD EMERGING MARKETS SELECT STOCK FUND, VANGUARD INVESTMENTS FUNDS ICVC - VANGUARD GLOBAL EMERGING MARKETS FUND",BSE,Block,340.8,154366,0.0002
795,2023-03-02,Adani Energy Solutions Ltd.,Purchase,Reliance Group,"RELIANCE TRUST INSTITUTIONAL RETIREMENT TRUST SERIES TWELVE, RELIANCE TRUST INSTITUTIONAL RETIREMENT TRUST SERIES ELEVEN",NSE,Block,668.4,1664252,0.0015
796,2023-03-02,Adani Green Energy Ltd.,Purchase,Reliance Group,"RELIANCE TRUST INSTITUTIONAL RETIREMENT TRUST SERIES TWELVE, RELIANCE TRUST INSTITUTIONAL RETIREMENT TRUST SERIES ELEVEN",NSE,Block,504.6,3780244,0.0023
797,2023-03-02,Adani Ports & Special Economic Zone Ltd.,Purchase,Reliance Group,"RELIANCE TRUST INSTITUTIONAL RETIREMENT TRUST SERIES TWELVE, RELIANCE TRUST INSTITUTIONAL RETIREMENT TRUST SERIES ELEVEN",NSE,Block,596.2,6255775,0.0029000000000000002
798,2023-03-03,Manappuram Finance Ltd.,Purchase,SBI Group,SBI MUTUAL FUND,NSE,Bulk,106.59,4800000,0.005699999999999999
799,2023-03-08,Kirloskar Oil Engines Ltd.,Purchase,Franklin India Group,FRANKLIN TEMPLETON MUTUAL FUND,NSE,Block,322.0,2795032,0.0192
800,2023-03-13,Sona BLW Precision Forgings Ltd.,Purchase,HDFC Group,HDFC MUTUAL FUND,BSE,Bulk,410.0,3658537,0.0062
801,2023-03-13,Sona BLW Precision Forgings Ltd.,Purchase,ICICI Group,ICICI PRUDENTIAL LIFE INSURANCE COMPANY LIMITED,BSE,Bulk,410.0,4024390,0.0069
802,2023-03-17,Delhivery Ltd.,Purchase,Vanguard Fund,"VANGUARD EMERGING MARKETS STOCK INDEX FUND A SERIES OF VIEIF, VANGUARD TOTAL INTERNATIONAL STOCK INDEX FUND",NSE,Bulk,323.07,9560527,0.013000000000000001
803,2023-03-17,Equitas Small Finance Bank Ltd.,Purchase,Vanguard Fund,VANGUARD TOTAL INTERNATIONAL STOCK INDEX FUND,NSE,Bulk,68.01,5719437,0.005
804,2023-03-17,Jaiprakash Power Ventures Ltd.,Purchase,Vanguard Fund,VANGUARD TOTAL INTERNATIONAL STOCK INDEX FUND,NSE,Bulk,6.08,36658683,0.0053
805,2023-03-17,Reliance Infrastructure Ltd.,Purchase,Vanguard Fund,VANGUARD TOTAL INTERNATIONAL STOCK INDEX FUND,NSE,Bulk,148.7,2012088,0.0051
806,2023-03-20,HDFC Asset Management Company Ltd.,Purchase,SBI Group,SBI MUTUAL FUND,NSE,Bulk,1600.0,4733788,0.0222
807,2023-03-20,PVR INOX Ltd.,Purchase,ICICI Group,ICICI PRUDENTIAL MUTUAL FUND,BSE,Block,1559.35,1282600,0.013000000000000001
808,2023-03-20,PVR INOX Ltd.,Purchase,SBI Group,SBI MUTUAL FUND,BSE,Block,1559.35,2939300,0.03
809,2023-03-21,Devyani International Ltd.,Purchase,Franklin India Group,FRANKLIN TEMPLETON MUTUAL FUND A/C - FRANKLIN INDIA FLEXI CAP FUND,NSE,Bulk,145.0,6200000,0.0051
811,2023-03-27,SJVN Ltd.,Purchase,SBI Group,SBI MUTUAL FUND,NSE,Bulk,30.85,76127461,0.0194
814,2023-04-10,Torrent Power Ltd.,Purchase,SBI Group,SBI MUTUAL FUND,NSE,Bulk,520.0,8407066,0.0175
816,2023-04-11,Sagar Cements Ltd.,Purchase,ICICI Group,ICICI PRUDENTIAL MUTUAL FUND,BSE,Block,183.1,12079396,0.0924
817,2023-04-25,CMS Info Systems Ltd.,Purchase,ICICI Group,ICICI PRUDENTIAL MUTUAL FUND,BSE,Bulk,280.0,781154,0.005
818,2023-05-03,Disa India Ltd.,Purchase,SBI Group,SBI MUTUAL FUND,BSE,Bulk,8000.0,14327,0.009899999999999999
820,2023-05-09,Disa India Ltd.,Purchase,SBI Group,SBI MUTUAL FUND,BSE,Bulk,7975.0,19175,0.0132
823,2023-05-16,Garware Technical Fibres Ltd.,Purchase,SBI Group,SBI MUTUAL FUND,NSE,Bulk,2976.75,213707,0.0105
825,2023-05-30,Kalpataru Projects International Ltd.,Purchase,ICICI Group,ICICI PRUDENTIAL MUTUAL FUND - ICICI PRUDENTIAL EQUITY & DEBT FUND,BSE,Bulk,485.0,1495000,0.0092
826,2023-05-31,HDFC Life Insurance Company Ltd.,Purchase,ICICI Group,ICICI PRUDENTIAL MUTUAL FUND,BSE,Block,579.6,2575000,0.0013
827,2023-05-31,HDFC Life Insurance Company Ltd.,Purchase,SBI Group,SBI MUTUAL FUND,BSE,Block,579.6,14200000,0.0066
828,2023-06-09,CMS Info Systems Ltd.,Purchase,SBI Group,SBI MUTUAL FUND,NSE,Bulk,300.0,6713513,0.042800000000000005
829,2023-06-12,Go Fashion (India) Ltd.,Purchase,ICICI Group,ICICI PRUDENTIAL LIFE INSURANCE COMPANY LIMITED,NSE,Bulk,1135.0,704846,0.0131
831,2023-06-14,Central Depository Services (India) Ltd.,Purchase,ICICI Group,ICICI PRUDENTIAL TECHNOLOGY FUND,NSE,Bulk,985.0,528148,0.0051
832,2023-06-15,Axis Bank Ltd.,Purchase,ICICI Group,ICICI PRUDENTIAL MUTUAL FUND,NSE,Block,968.0,500000,0.0001
833,2023-06-16,Kalyan Jewellers India Ltd.,Purchase,Franklin India Group,"FRANKLIN TEMPLETON MUTUAL FUND - FRANKLIN INDIA SMALLER COMPANIES FUND, FRANKLIN TEMPLETON MUTUAL FUND - FRANKLIN INDIA TAXSHIELD OPEN, FRANKLIN TEMPLETON MUTUAL FUND A/C FRANKLIN INDIA EQUITY HYBRID FUND, FRANKLIN TEMPLETON MUTUAL FUND A/C Franklin India Flexi Cap Fund, FRANKLIN TEMPLETON MUTUAL FUND - FRANKLIN INDIA BALANCED ADVANTAGE FUND, FRANKLIN TEMPLETON MUTUAL FUND A/C FRANKLIN INDIA EQUITY SAVINGS FUND",NSE,Block,113.1,26337835,0.025599999999999998
834,2023-06-16,Piramal Pharma Ltd.,Purchase,Vanguard Fund,THE VANGUARD GROUP INC AC VANGUARD TOTAL INTERNATIONAL STOCK INDEX FUND,NSE,Bulk,94.71,6202912,0.004699999999999999
835,2023-06-19,Shriram Finance Ltd.,Purchase,ICICI Group,ICICI PRUDENTIAL LIFE INSURANCE COMPANY LTD,BSE,Block,1401.0,535000,0.0014000000000000002
836,2023-06-19,Shriram Finance Ltd.,Purchase,Kotak Group,"KOTAK MAHINDRA LIFE INSURANCE COMPANY LIMITED - CLASSIC OPPORTUNITIES FUND ULIF 033 16 12 09 CLAOPPF, KOTAK MAHINDRA LIFE INSURANCE COMPANY LIMITED - KOTAK GROUP BALANCED FUND ULGF 003 27 06 03 BALFND 1, KOTAK MAHINDRA LIFE INSURANCE COMPANY LIMITED - KOTAK OPPORTUNITIES FUND ULIF 029 02 10 08 OPPFND 10, KOTAK FUNDSINDIA MIDCAP FUND, KOTAK MAHINDRA MUTUAL FUND - KOTAK MULTICAP FUND, KOTAK INFINITY FUND CLASS AC, KOTAK MAHINDRA LIFE INSURANCE COMPANY LIMITED - FRONTLINE EQUITY FUND ULIF 034 17 12 09 FRLEQUFND 10",BSE,Block,1401.0,2090800,0.005600000000000001
837,2023-06-20,HDFC Asset Management Company Ltd.,Purchase,Franklin India Group,FRANKLIN TEMPLETON MUTUAL FUND,BSE,Block,1873.0,62713,0.0003
838,2023-06-20,HDFC Asset Management Company Ltd.,Purchase,ICICI Group,ICICI PRUDENTIAL LIFE INSURANCE COMPANY LIMITED,BSE,Block,1873.0,475000,0.0022
839,2023-06-20,HDFC Asset Management Company Ltd.,Purchase,SBI Group,SBI MUTUAL FUND,BSE,Block,1873.0,11684825,0.055
840,2023-06-20,HDFC Asset Management Company Ltd.,Purchase,Vanguard Fund,"VANGUARD ASIA EX JAPAN SHARES INDEX FUND, VANGUARD FUNDS PUBLIC LIMITED COMPANY VANGUARD FTSE ALL WORLD ETF, VIS PLC - VANGUARD ESG EMERGING MARKETS ALL CAP EQUITY INDEX FUND, VANGUARD ESG INTERNATIONAL STOCK ETF, VANGUARD FUNDS PUBLIC LIMITED COMPANY VANGUARD FTSE EMERGING MARKETS ETF, VANGUARD FTSE ALL WORLD EX US FUND A SERIES OF VIEIF, VANGUARD EMERGING MARKETS STOCK INDEX FUND A SERIES OF VIEIF, VANGUARD TOTAL INTERNATIONAL STOCK INDEX FUND, VANGUARD INVESTMENTS FUNDS ICVC - VANGUARD FTSE GLOBAL ALL CAP INDEX FUND, VANGUARD FUNDS PLC / VANGUARD ESG GLOBAL ALL CAP UCITS ETF, VANGUARD TOTAL WORLD STOCK INDEX FUND",BSE,Block,1873.0,259814,0.0012000000000000001
841,2023-06-20,Krishna Institute of Medical Sciences Ltd.,Purchase,SBI Group,SBI MUTUAL FUND,BSE,Block,1710.0,8137396,0.1016
842,2023-06-20,Thyrocare Technologies Ltd.,Purchase,ICICI Group,ICICI PRUDENTIAL MUTUAL FUND,BSE,Bulk,488.0,2253044,0.0425
843,2023-06-21,Shriram Finance Ltd.,Purchase,ICICI Group,ICICI PRUDENTIAL LIFE INSURANCE COMPANY LTD,NSE,Block,1545.0,64725,0.0002
844,2023-06-21,Shriram Finance Ltd.,Purchase,Kotak Group,"KOTAK MAHINDRA MUTUAL FUND, KOTAK MAHINDRA MUTUAL FUND AC KOTAK CONTRA FUND, KOTAK MAHINDRA LIFE INSURANCE COMPANY LIMITED, KOTAK MAHINDRA MUTUAL FUND AC KOTAK SELECT FOCUS FUND, KOTAK INFINITY FUND CLASS AC, KOTAK FUNDS INDIA MIDCAP FUND, KOTAK MAHINDRA MUTUAL FUND AC KOTAK EMERGING EQUITY SCHEME",NSE,Block,1545.0,1629725,0.0044
845,2023-06-21,Shriram Finance Ltd.,Purchase,Reliance Group,"RELIANCE CAPITAL TRUSTEE COMPANY LIMITED AC RELIANCE BANKING FUND, RELIANCE CAPITAL TRUSTEE CO LTD AC RELIANCE INDEX FUND EQUITY OPPORTUNITIES FUND, RELIANCE CAPITAL TRUSTEE CO LTD AC RELIANCE EQUITY ADVANTAGE FUND, RELIANCE CAP ASSET MGMT LTDC REL SMALL CAP FUND",NSE,Block,1545.0,424928,0.0011
846,2023-06-21,Shriram Finance Ltd.,Purchase,SBI Group,SBI LIFE INSURANCE COMPANY LIMITED,NSE,Block,1545.0,400000,0.001
847,2023-06-21,Shriram Finance Ltd.,Purchase,Vanguard Fund,THE VANGUARD GROUP INC A/C VANGUARD EMERGING MARKETS STOCK INDEX FUND A SERIES OF VANGUARD INTERNAT,NSE,Block,1545.0,100000,0.0003
848,2023-06-22,Craftsman Automation Ltd.,Purchase,Axis Group,AXIS MUTUAL FUND,NSE,Block,3960.0,252520,0.012
849,2023-06-22,Sansera Engineering Ltd.,Purchase,Axis Group,AXIS MUTUAL FUND,NSE,Block,835.0,598803,0.0112
850,2023-06-22,Sansera Engineering Ltd.,Purchase,ICICI Group,"ICICI PRUDENTIAL MUTUAL FUND, ICICI PRUDENTIAL LIFE INSURANCE COMPANY LTD",NSE,Block,835.0,4558399,0.08510000000000001
851,2023-06-22,Sansera Engineering Ltd.,Purchase,Kotak Group,"KOTAK FUNDS INDIA MIDCAP FUND, KOTAK MAHINDRA MUTUAL FUND, KOTAK INFINITY FUND, KOTAK FUNDS INDIA GROWTH FUND, ALPS KOTAK INDIA GROWTH FUND",NSE,Bulk,835.0,5345861,0.09970000000000001
852,2023-06-22,Sansera Engineering Ltd.,Purchase,SBI Group,SBI LIFE INSURANCE COMPANY LIMITED,NSE,Block,835.0,958084,0.0178
853,2023-06-23,Landmark Cars Ltd.,Purchase,ICICI Group,ICICI PRUDENTIAL LIFE INSURANCE COMPANY LTD.,NSE,Block,658.0,2066728,0.050199999999999995
855,2023-06-27,Sapphire Foods India Ltd.,Purchase,ICICI Group,ICICI PRUDENTIAL LIFE INSURANCE COMPANY LTD,NSE,Block,1377.1,300000,0.004699999999999999
856,2023-06-27,Sapphire Foods India Ltd.,Purchase,Kotak Group,"KOTAK FUNDS INDIA MIDCAP FUND, KOTAK INFINITY FUND-CLASS AC",NSE,Block,1377.1,150612,0.0023
857,2023-06-27,Sapphire Foods India Ltd.,Purchase,Vanguard Fund,"VANGUARD EMERGING MARKETS STOCK INDEX FUND A SERIES OF VIEIF, VANGUARD TOTAL INTERNATIONAL STOCK INDEX FUND, VANGUARD FTSE ALL WRLD EX US SMALL CAP INDEX FUND",NSE,Block,1377.1,58763,0.001
858,2023-06-28,Advanced Enzyme Technologies Ltd.,Purchase,ICICI Group,ICICI PRUDENTIAL MUTUAL FUND,NSE,Bulk,270.0,1000000,0.0089
862,2023-06-30,TD Power Systems Ltd.,Purchase,HDFC Group,HDFC MUTUAL FUND,NSE,Bulk,221.0,11342520,0.0726
863,2023-06-30,TD Power Systems Ltd.,Purchase,ICICI Group,ICICI PRUDENTIAL MUTUAL FUND,NSE,Block,221.0,6300000,0.0404
864,2023-07-06,Eris Lifesciences Ltd.,Purchase,HDFC Group,HDFC MUTUAL FUND,NSE,Block,697.0,3375000,0.0248
866,2023-07-18,Amara Raja Energy & Mobility Ltd.,Purchase,Kotak Group,KOTAK MAHINDRA MUTUAL FUND,NSE,Bulk,652.0,920245,0.005
867,2023-07-18,Eris Lifesciences Ltd.,Purchase,HDFC Group,HDFC MUTUAL FUND,NSE,Bulk,728.49,829618,0.0060999999999999995
868,2023-07-26,United Breweries Ltd.,Purchase,SBI Group,SBI MUTUAL FUND,NSE,Bulk,1465.8,9256904,0.035
870,2023-07-28,Orient Electric Ltd.,Purchase,ICICI Group,ICICI PRUDENTIAL MUTUAL FUND,NSE,Bulk,222.0,2968193,0.0139
871,2023-08-02,Campus Activewear Ltd.,Purchase,ICICI Group,ICICI PRUDENTIAL LIFE INSURANCE COMPANY LIMITED,NSE,Bulk,295.0,2500000,0.008199999999999999
876,2023-08-08,360 One Wam Ltd.,Purchase,Franklin India Group,FRANKLIN TEMPLETON MUTUAL FUND,BSE,Block,500.0,200000,0.0006
877,2023-08-08,360 One Wam Ltd.,Purchase,ICICI Group,ICICI PRUDENTIAL MUTUAL FUND,BSE,Block,500.0,1700000,0.004699999999999999
878,2023-08-08,Bikaji Foods International Ltd.,Purchase,ICICI Group,ICICI PRUDENTIAL LIFE INSURANCE COMPANY LIMITED,BSE,Block,480.0,354166,0.0014000000000000002
879,2023-08-08,Bikaji Foods International Ltd.,Purchase,Kotak Group,"ALPS/KOTAK INDIA GROWTH FUND, PUBLIC SECTOR PENSION INVESTMENT BOARD - KOTAK MAHINDRA ASSET MANAGEMENT (SINGAPORE) PTE LTD",BSE,Block,480.0,567209,0.0022
880,2023-08-08,Inox Wind Ltd.,Purchase,ICICI Group,"ICICI PRUDENTIAL MUTUAL FUND(INNOVATION FUND), ICICI PRUDENTIAL MUTUAL FUND",BSE,Block,208.0,10096152,0.031
881,2023-08-08,Minda Corporation Ltd.,Purchase,ICICI Group,ICICI PRUDENTIAL MUTUAL FUND,BSE,Bulk,280.0,5800000,0.024300000000000002
883,2023-08-10,CMS Info Systems Ltd.,Purchase,ICICI Group,ICICI PRUDENTIAL MUTUAL FUND,BSE,Bulk,356.0,1405000,0.009000000000000001
887,2023-08-16,JSW Energy Ltd.,Purchase,Reliance Group,Reliance Trust Institutional Retirement Trust Series Twelve,BSE,Block,341.7,701878,0.0004
888,2023-08-22,SJS Enterprises Ltd.,Purchase,ICICI Group,ICICI PRUDENTIAL MUTUAL FUND,NSE,Bulk,599.93,1862274,0.06
889,2023-08-24,Coforge Ltd.,Purchase,HDFC Group,HDFC MUTUAL FUND,NSE,Bulk,4703.0,652402,0.0106
890,2023-08-24,Coforge Ltd.,Purchase,ICICI Group,ICICI PRUDENTIAL LIFE INSURANCE COMPANY LIMITED,NSE,Bulk,4703.0,427387,0.0069
891,2023-08-24,Coforge Ltd.,Purchase,Kotak Group,KOTAK FUNDS - INDIA MIDCAP FUND,NSE,Bulk,4703.0,865328,0.013999999999999999
892,2023-08-24,Coforge Ltd.,Purchase,SBI Group,SBI MUTUAL FUND,NSE,Bulk,4703.0,2581000,0.0419
893,2023-08-24,Sapphire Foods India Ltd.,Purchase,Kotak Group,KOTAK SECURITIES LIMITED - ERROR ACCOUNT,BSE,Bulk,1354.99,1599543,0.025099999999999997
895,2023-08-25,One97 Communications Ltd.,Purchase,ICICI Group,ICICI PRUDENTIAL LIFE INSURANCE COMPANY LIMITED,BSE,Block,895.2,500000,0.0008
896,2023-08-28,Star Health and Allied Insurance Company Ltd.,Purchase,ICICI Group,ICICI PRUDENTIAL LIFE INSURANCE COMPANY LTD,BSE,Block,610.2,7800000,0.0134
897,2023-08-28,Zomato Ltd.,Purchase,Axis Group,AXIS MUTUAL FUND,NSE,Block,91.0,27469001,0.0031000000000000003
898,2023-08-28,Zomato Ltd.,Purchase,ICICI Group,ICICI PRUDENTIAL LIFE INSURANCE COMPANY LTD.,NSE,Block,90.1,4993954,0.0006
899,2023-08-28,Zomato Ltd.,Purchase,Kotak Group,"KOTAK FUNDSINDIA MIDCAP FUND, KOTAK MAHINDRA MUTUAL FUND",BSE,Block,91.0,41072000,0.0047
900,2023-08-28,Zomato Ltd.,Purchase,SBI Group,SBI LIFE INSURANCE COMPANY LIMITED,NSE,Block,90.1,7214001,0.0008
901,2023-08-30,Spandana Sphoorty Financial Ltd.,Purchase,Kotak Group,KOTAK MAHINDRA LIFE INSURANCE COMPANY LIMITED - CLASSIC OPPORTUNITIES FUND ULIF 033 16 12 09 CLAOPPF,BSE,Bulk,765.0,924680,0.013000000000000001
902,2023-08-30,Zomato Ltd.,Purchase,Axis Group,AXIS MUTUAL FUND,NSE,Block,94.7,5240100,0.0006
903,2023-08-30,Zomato Ltd.,Purchase,Franklin India Group,FRANKLIN TEMPELTON MUTUAL FUND,NSE,Block,94.7,5240100,0.0006
904,2023-08-30,Zomato Ltd.,Purchase,Kotak Group,"KOTAK FUNDS-INDIA MIDCAP FUND, KOTAK FUNDS-INDIA ESG FUND, KOTAK MAHINDRA MUTUAL FUND, KOTAK MAHINDRA LIFE INSURANCE COMPANY LIMITED, ALPS/KOTAK INDIA GROWTH FUND, KOTAK INFINITY FUND CLASS AC",NSE,Block,94.7,13191340,0.0015
905,2023-08-31,Sula Vineyards Ltd.,Purchase,HDFC Group,"HDFC MUTUAL FUND A/C HDFC LARGE AND MID CAP FUND, HDFC MUTUAL FUND A/C HDFC MULTI CAP FUND, HDFC MUTUAL FUND A/C HDFC SMALL CAP FUND",NSE,Bulk,484.0,3519680,0.0417
906,2023-09-01,Five-Star Business Finance Ltd.,Purchase,HDFC Group,HDFC MUTUAL FUND A/C HTCL - HDFC MID - CAP OPPORTUNITIES FUND,BSE,Bulk,730.0,4119334,0.0141
907,2023-09-05,Safari Industries (India) Ltd.,Purchase,SBI Group,SBI LIFE INSURANCE COMPANY LTD,BSE,Bulk,3775.0,205000,0.0043
908,2023-09-08,VRL Logistics Ltd.,Purchase,SBI Group,SBI MUTUAL FUND,BSE,Bulk,681.0,1929005,0.0221
909,2023-09-11,IDFC First Bank Ltd.,Purchase,Reliance Group,"RELIANCE TRUST INSTITUTIONAL RETIREMENT TRUST SERIES ELEVEN, RELIANCE TRUST INSTITUTIONAL RETIREMENT TRUST SERIES TWELVE",NSE,Block,94.5,3519478,0.0005
910,2023-09-11,KNR Constructions Ltd.,Purchase,HDFC Group,HDFC MUTUAL FUND,BSE,Bulk,273.52,1550000,0.0055000000000000005
911,2023-09-12,L&T Finance Holdings Ltd.,Purchase,Axis Group,AXIS MUTUAL FUND,BSE,Block,130.0,1910000,0.0008
912,2023-09-12,L&T Finance Holdings Ltd.,Purchase,SBI Group,SBI LIFE INSURANCE COMPANY LTD,BSE,Block,130.0,14680000,0.0059
913,2023-09-13,JTL Industries Ltd.,Purchase,SBI Group,SBI GENERAL INSURANCE COMPANY LIMITED,NSE,Bulk,201.0,600000,0.0034999999999999996
914,2023-09-15,Aditya Vision Ltd.,Purchase,HDFC Group,HDFC MUTUAL FUND,BSE,Bulk,2199.74,500003,0.0416
915,2023-09-15,Data Patterns (India) Ltd.,Purchase,Vanguard Fund,"VANGUARD TOTAL INTERNATIONAL STOCK INDEX FUND, VANGUARD EMERGING MARKETS STOCK INDEX FUND A SERIES OF VIEIF",NSE,Bulk,2075.54,637355,0.0114
916,2023-09-15,Himadri Speciality Chemical Ltd.,Purchase,Vanguard Fund,"VANGUARD EMERGING MARKETS STOCK INDEX FUND A SERIES OF VIEIF, VANGUARD TOTAL INTERNATIONAL STOCK INDEX FUND",NSE,Bulk,241.82,5180049,0.0105
917,2023-09-15,MTAR Technologies Ltd.,Purchase,Vanguard Fund,"VANGUARD EMERGING MARKETS STOCK INDEX FUND A SERIES OF VIEIF, VANGUARD TOTAL INTERNATIONAL STOCK INDEX FUND",NSE,Bulk,2608.06,429267,0.0139
918,2023-09-15,Nazara Technologies Ltd.,Purchase,Vanguard Fund,"VANGUARD EMERGING MARKETS STOCK INDEX FUND A SERIES OF VIEIF, VANGUARD TOTAL INTERNATIONAL STOCK INDEX FUND",NSE,Bulk,838.16,744009,0.0101
919,2023-09-15,Olectra Greentech Ltd.,Purchase,Vanguard Fund,"VANGUARD EMERGING MARKETS STOCK INDEX FUND, THE VANGUARD GROUP INC AC VANGUARD TOTAL INTERNATIONAL STOCK INDEX FUND",NSE,Bulk,1253.81,1051237,0.0128
920,2023-09-15,Ramkrishna Forgings Ltd.,Purchase,Vanguard Fund,"VANGUARD EMERGING MARKETS STOCK INDEX FUND, THE VANGUARD GROUP INC AC VANGUARD TOTAL INTERNATIONAL STOCK INDEX FUND",NSE,Bulk,691.78,2062501,0.0114
921,2023-09-15,Restaurant Brands Asia Ltd.,Purchase,ICICI Group,ICICI PRUDENTIAL LIFE INSURANCE COMPANY LTD,NSE,Bulk,119.1,68001000,0.13699999999999998
922,2023-09-26,Voltamp Transformers Ltd.,Purchase,Kotak Group,KOTAK MAHINDRA MUTUAL FUND,BSE,Bulk,4632.0,130000,0.0128
924,2023-09-28,Data Infrastructure Trust,Purchase,Axis Group,AXIS BANK LIMITED,BSE,Bulk,150.02,61200000,0.0235
927,2023-09-29,Tube Investments of India Ltd.,Purchase,SBI Group,SBI MUTUAL FUND,BSE,Bulk,2900.0,1204746,0.0062
928,2023-10-06,PB Fintech Ltd.,Purchase,Kotak Group,"KOTAK INFINITY FUND CLASS AC, KOTAK FUNDS-INDIA MIDCAP FUND",NSE,Block,762.8,1635699,0.0036
930,2023-10-10,Vishnusurya Projects And Infra Ltd.,Purchase,Reliance Group,RELIANCE COMMERCIAL FINANCE LIMITED,NSE,Bulk,73.59,788000,0.032
932,2023-10-17,Aditya Vision Ltd.,Purchase,HDFC Group,HDFC MUTUAL FUND,BSE,Bulk,2601.93,95000,0.0079
933,2023-10-18,Divgi Torqtransfer Systems Ltd.,Purchase,ICICI Group,ICICI PRUDENTIAL MUTUAL FUND,NSE,Bulk,1080.0,623646,0.0204
934,2023-10-20,Zomato Ltd.,Purchase,Axis Group,AXIS MUTUAL FUND,NSE,Block,111.2,2245715,0.0003
935,2023-10-20,Zomato Ltd.,Purchase,HDFC Group,HDFC MUTUAL FUND,NSE,Block,111.2,899290,0.0001
936,2023-10-23,Amber Enterprises India Ltd.,Purchase,Franklin India Group,FRANKLIN TEMPLETON MUTUAL FUND,NSE,Bulk,2820.0,200000,0.0059
937,2023-10-31,Inox Wind Ltd.,Purchase,ICICI Group,ICICI PRUDENTIAL MUTUAL FUND,BSE,Bulk,209.0,2406589,0.0074
938,2023-11-02,Minda Corporation Ltd.,Purchase,Kotak Group,KOTAK MAHINDRA LIFE INSURANCE COMPANY LIMITED A/C CLASSIC OPPORTUNITIES FUND,NSE,Bulk,330.94,1378340,0.0058
940,2023-11-06,Cello World Ltd.,Purchase,Reliance Group,RELIANCE COMMERCIAL FINANCE LIMITED,NSE,Bulk,794.2,1600060,0.0075
942,2023-11-10,Aptus Value Housing Finance India Ltd.,Purchase,SBI Group,SBI MUTUAL FUND,NSE,Bulk,287.0,12000000,0.024
944,2023-11-20,Chemplast Sanmar Ltd.,Purchase,SBI Group,SBI MUTUAL FUND,NSE,Bulk,428.3,7000000,0.0443
946,2023-11-20,Go Fashion (India) Ltd.,Purchase,SBI Group,SBI MUTUAL FUND,NSE,Bulk,1221.65,1855715,0.0344
954,2023-11-29,Zomato Ltd.,Purchase,Franklin India Group,FRANKLIN TEMPLETON MUTUAL FUND,BSE,Block,112.7,3400000,0.0004
955,2023-11-29,Zomato Ltd.,Purchase,ICICI Group,ICICI PRUDENTIAL LIFE INSURANCE COMPANY LIMITED,BSE,Block,112.7,4900000,0.0006
956,2023-11-29,Zomato Ltd.,Purchase,Kotak Group,KOTAK MAHINDRA MATUAL FUND,BSE,Block,112.7,12000000,0.0014000000000000002
957,2023-11-29,Zomato Ltd.,Purchase,Vanguard Fund,"VIS PLC - VANGUARD ESG EMERGING MARKETS ALL CAP EQUITY INDEX FUND, VANGUARD ASIA EX JAPAN SHARES INDEX FUND, VANGUARD ESG INTERNATIONAL STOCK ETF, VANGUARD FUNDS PUBLIC LIMITED COMPANY VANGUARD FTSE ALL WORLD ETF, VANGUARD FUNDS PUBLIC LIMITED COMPANY - VANGUARD FTSE EMERGING MARKETS UCITS ETF, VANGUARD FUNDS PUBLIC LIMITED COMPANY VANGUARD FTSE EMERGING MARKETS ETF, VANGUARD TOTAL WORLD STOCK INDEX FUND, VANGUARD FTSE ALL-WORLD EX-US INDEX FUND, A SERIES OF VANGUARD INTERNATIONAL EQUITY INDEX FUNDS, VANGUARD FTSE ALL WORLD EX US FUND A SERIES OF VIEIF, VANGUARD TOTAL INTERNATIONAL STOCK INDEX FUND, VANGUARD EMERGING MARKETS STOCK INDEX FUND, A SERIES OF VANGUARD INTERNATIONAL EQUITY INDEX FUNDS, VANGUARD EMERGING MARKETS STOCK INDEX FUND A SERIES OF VIEIF, VANGUARD INVESTMENTS FUNDS ICVC - VANGUARD FTSE GLOBAL ALL CAP INDEX FUND, VANGUARD INVESTMENTS FUNDS ICVC-VANGUARD FTSE GLOBAL ALL CAP INDEX FUND",BSE,Block,112.7,2746908,0.0004
958,2023-12-04,360 One Wam Ltd.,Purchase,ICICI Group,ICICI PRUDENTIAL MUTUAL FUND A/C - ICICI PRUDENTIAL VALUE DISCOVERY FUND,NSE,Bulk,600.0,3500000,0.0098
959,2023-12-04,Computer Age Management Services Ltd.,Purchase,Axis Group,AXIS MUTUAL FUND,BSE,Block,2766.0,144000,0.0029
960,2023-12-04,Computer Age Management Services Ltd.,Purchase,HDFC Group,HDFC STANDARD LIFE INSURANCE COMPANY LTD,BSE,Block,2766.0,57000,0.0011
961,2023-12-04,Computer Age Management Services Ltd.,Purchase,ICICI Group,ICICI BANK LIMITED,BSE,Block,2766.0,36500,0.0007000000000000001
962,2023-12-04,Computer Age Management Services Ltd.,Purchase,Kotak Group,KOTAK MAHINDRA MUTUAL FUND,BSE,Block,2766.0,976000,0.019799999999999998
963,2023-12-04,G R Infraprojects Ltd.,Purchase,SBI Group,SBI MUTUAL FUND,NSE,Bulk,1074.5,1805754,0.0187
965,2023-12-05,Swan Energy Ltd.,Purchase,SBI Group,SBI LIFE INSURANCE COMPANY LIMITED,NSE,Bulk,414.0,4000000,0.0152
966,2023-12-08,Zomato Ltd.,Purchase,ICICI Group,ICICI PRUDENTIAL LIFE INSURANCECOMPANY LTD.,NSE,Block,120.5,2480000,0.0003
967,2023-12-11,Delta Corp Ltd.,Purchase,HDFC Group,HDFC MUTUAL FUND-HDFC MULTI CAP FUND,NSE,Bulk,135.95,3000000,0.011200000000000002
969,2023-12-11,Jagran Prakashan Ltd.,Purchase,HDFC Group,HDFC MUTUAL FUND-HDFC MULTI CAP FUND,NSE,Bulk,95.55,3200000,0.0147
971,2023-12-11,Swan Energy Ltd.,Purchase,SBI Group,SBI LIFE INSURANCE COMPANY LIMITED,NSE,Block,461.0,1000000,0.0038
972,2023-12-12,Karur Vysya Bank Ltd.,Purchase,SBI Group,SBI MUTUAL FUND,NSE,Bulk,162.0,12000000,0.014900000000000002
973,2023-12-12,Mankind Pharma Ltd.,Purchase,Kotak Group,KOTAK FUNDSINDIA MIDCAP FUND,BSE,Bulk,1832.3,2029246,0.0051
974,2023-12-13,Axis Bank Ltd.,Purchase,ICICI Group,ICICI PRUDENTIAL LIFE INSURANCE COMPANY LTD,NSE,Block,1119.7,715000,0.0002
975,2023-12-14,Fusion Micro Finance Ltd.,Purchase,Franklin India Group,FRANKLIN TEMPLETON MUTUAL FUND,BSE,Bulk,555.6,1800000,0.0178
976,2023-12-14,Fusion Micro Finance Ltd.,Purchase,HDFC Group,"HDFC STANDARD LIFE INSURANCE CO LTD, HDFC MUTUAL FUND",BSE,Block,555.6,6646344,0.0658
977,2023-12-14,Fusion Micro Finance Ltd.,Purchase,ICICI Group,ICICI PRUDENTIAL MUTUAL FUND,BSE,Block,555.6,500000,0.0049
978,2023-12-14,Fusion Micro Finance Ltd.,Purchase,Kotak Group,KOTAK MAHINDRA LIFE INSURANCE COMPANY LIMITED,BSE,Bulk,555.6,1424000,0.013999999999999999
979,2023-12-15,KFIN Technologies Ltd.,Purchase,ICICI Group,"ICICI PRUDENTIAL LIFE INSURANCE COMPANY LIMITED, ICICI PRUDENTIAL MUTUAL FUND",NSE,Bulk,500.0,2277842,0.013400000000000002
980,2023-12-15,PB Fintech Ltd.,Purchase,HDFC Group,HDFC MUTUAL FUND,BSE,Block,800.05,1150000,0.0025
981,2023-12-15,PB Fintech Ltd.,Purchase,ICICI Group,ICICI PRUDENTIAL LIFE INSURANCE COMPANY LIMITED,BSE,Block,800.05,370000,0.0008
982,2023-12-15,PVR INOX Ltd.,Purchase,HDFC Group,HDFC MUTUAL FUND,NSE,Block,1753.0,57225,0.0006
983,2023-12-15,PVR INOX Ltd.,Purchase,ICICI Group,ICICI PRUDENTIAL LIFE INSURANCE (IPLCIL-U),NSE,Block,1753.0,114112,0.0012
984,2023-12-15,PVR INOX Ltd.,Purchase,Kotak Group,"KOTAK MAHINDRA MUTUAL FUND, ALPS/KOTAK INDIA GROWTH FUND, KOTAK FUNDS-INDIA ESG FUND",NSE,Block,1753.0,598995,0.006200000000000001
985,2023-12-18,Pricol Ltd.,Purchase,Franklin India Group,FRANKLIN TEMPLETON MUTUAL FUND,NSE,Block,347.0,2881844,0.0236
986,2023-12-18,Sapphire Foods India Ltd.,Purchase,HDFC Group,HDFC MUTUAL FUND,BSE,Bulk,1400.0,2200000,0.0345
987,2023-12-19,Apollo Tyres Ltd.,Purchase,ICICI Group,ICICI PRUDENTIAL MUTUAL FUND,BSE,Block,448.35,3000000,0.004699999999999999
988,2023-12-19,Apollo Tyres Ltd.,Purchase,Kotak Group,KOTAK MAHINDRA ASSET MANAGEMENT (SINGAPORE) PTE LTD,BSE,Block,448.35,882000,0.0014000000000000002
989,2023-12-20,Astral Ltd.,Purchase,Reliance Group,RELIANCE LIFE INSURANCE CO LTD,NSE,Block,1889.8,105830,0.0004
990,2023-12-20,Astral Ltd.,Purchase,SBI Group,NATIONAL PENSION SYSTEM (NPS) TRUST SBI,NSE,Block,1889.8,105830,0.0004
991,2023-12-20,Embassy Office Parks REIT,Purchase,HDFC Group,"HDFC MUTUAL FUND A/C HDFC CREDIT RISK DEBT FUND, HDFC MUTUAL FUND A/C - HDFC PRUDANCE FUND, HDFC MUTUAL FUND A/C HTCL - HDFC Flexi Cap Fund",BSE,Bulk,316.0,20619325,0.0217
992,2023-12-20,Embassy Office Parks REIT,Purchase,ICICI Group,ICICI PRUDENTIAL MUTUAL FUND A/C - ICICI PRUDENTIAL EQUITY INCOME FUND,BSE,Bulk,316.0,5466517,0.0058
993,2023-12-20,Embassy Office Parks REIT,Purchase,SBI Group,SBI MUTUAL FUND,BSE,Bulk,316.0,14400000,0.0152
994,2023-12-20,Grindwell Norton Ltd.,Purchase,SBI Group,SBI MUTUAL FUND,NSE,Bulk,2160.25,1213384,0.011000000000000001
996,2023-12-20,Nippon Life India Asset Management Ltd.,Purchase,ICICI Group,"ICICI PRUDENTIAL MUTUAL FUND, ICICI PRUDENTIAL ASSET MANAGEMENT COMPANY LIMITED, ICICI PRUDENTIAL LONG SHORT FUND SERIES I",BSE,Bulk,445.35,11088218,0.0177
997,2023-12-20,Nippon Life India Asset Management Ltd.,Purchase,Kotak Group,KOTAK MAHINDRA OLD MUTUAL LIFE INSURANCE LIMITED,BSE,Block,445.35,225000,0.0003
998,2023-12-20,Nippon Life India Asset Management Ltd.,Purchase,SBI Group,SBI MUTUAL FUND,BSE,Block,445.35,11050945,0.017599999999999998
999,2023-12-20,Symphony Ltd.,Purchase,HDFC Group,HDFC MUTUAL FUND MULTI CAP FUND,NSE,Bulk,880.0,600000,0.0087
1000,2023-12-21,Ami Organics Ltd.,Purchase,ICICI Group,ICICI PRUDENTIAL MUTUAL FUND,NSE,Bulk,1030.0,500000,0.013600000000000001
1001,2023-12-21,Onward Technologies Ltd.,Purchase,Kotak Group,KOTAK MAHINDRA LIFE INSURANCE COMPANY LIMITED,BSE,Bulk,620.75,159699,0.0070999999999999995
1002,2023-12-22,Sansera Engineering Ltd.,Purchase,HDFC Group,HDFC STANDARD LIFE INSURANCE CO LTD,BSE,Bulk,965.0,825000,0.0154
1005,2023-12-28,Zydus Wellness Ltd.,Purchase,SBI Group,SBI MUTUAL FUND,NSE,Block,1632.0,780000,0.012199999999999999
1006,2024-01-02,VST Industries Ltd.,Purchase,SBI Group,SBI MUTUAL FUND,BSE,Bulk,3390.0,225000,0.0146
1009,2024-01-17,Pricol Ltd.,Purchase,ICICI Group,ICICI PRUDENTIAL MUTUAL FUND,NSE,Bulk,343.5,7490000,0.0616
1010,2024-01-18,ADF Foods Ltd.,Purchase,Reliance Group,RELIANCE COMMERCIAL FINANCE LIMITED,BSE,Bulk,192.32,550000,0.005
1012,2024-01-29,Tips Industries Ltd.,Purchase,SBI Group,SBI MUTUAL FUND,BSE,Bulk,380.0,6425721,0.05
1013,2024-02-06,BLS E-Services Ltd.,Purchase,Reliance Group,RELIANCE COMMERCIAL FINANCE LIMITED,NSE,Bulk,345.0,500000,0.0055000000000000005
1016,2024-02-06,Krishna Institute of Medical Sciences Ltd.,Purchase,SBI Group,SBI LIFE INSURANCE COMPANY LTD,BSE,Bulk,2085.0,1149074,0.0144
1017,2024-02-08,Avalon Technologies Ltd.,Purchase,HDFC Group,HDFC MUTUAL FUND,NSE,Bulk,474.0,1431000,0.0218
1018,2024-02-08,Kalyan Jewellers India Ltd.,Purchase,Franklin India Group,FRANKLIN TEMPLETON MUTUAL FUND,NSE,Block,344.2,3063102,0.003
1019,2024-02-08,Mankind Pharma Ltd.,Purchase,Axis Group,AXIS MUTUAL FUND,NSE,Block,2107.35,196875,0.0004
1020,2024-02-08,Mankind Pharma Ltd.,Purchase,ICICI Group,ICICI PRUDENTIAL LIFE INSURANCE COMPANY LIMITED,NSE,Block,2107.35,54160,0.0001
1021,2024-02-08,Mankind Pharma Ltd.,Purchase,SBI Group,SBI MUTUAL FUND,NSE,Block,2107.35,570932,0.0014000000000000002
1023,2024-02-14,Bharat Petroleum Corporation Ltd.,Purchase,Kotak Group,"KOTAK MAHINDRA LIFE INSURANCE COMPANY LIMITED, KOTAK MAHINDRA MUTUAL FUND",BSE,Block,584.0,2421500,0.0011
1024,2024-02-15,Sudarshan Chemical Industries Ltd.,Purchase,HDFC Group,HDFC MUTUAL FUND,BSE,Bulk,513.99,1775551,0.0256
1025,2024-02-16,Data Patterns (India) Ltd.,Purchase,HDFC Group,HDFC MUTUAL FUND,BSE,Block,1837.0,138000,0.0025
1026,2024-02-16,Data Patterns (India) Ltd.,Purchase,Kotak Group,KOTAK MAHINDRA MUTUAL FUND,BSE,Block,1837.0,1001000,0.017800000000000003
